account length,international plan,voice mail plan,number vmail messages,total day minutes,total day calls,total day charge,total eve minutes,total eve calls,total eve charge,total night minutes,total night calls,total night charge,total intl minutes,total intl calls,total intl charge,customer service calls,Phone Number,Probability_Churned (%),Risk Category
88,1,0,0,235.1,98,39.97,251.8,79,21.4,285.9,76,12.87,7.2,2,1.94,4,358-4576,99.08,Critical Risk
53,0,0,0,228.6,117,38.86,132.8,123,11.29,227.2,124,10.22,10.1,2,2.73,9,416-6886,98.13,Critical Risk
170,1,0,0,259.9,68,44.18,245.0,122,20.83,134.4,121,6.05,8.4,3,2.27,3,350-1639,98.08,Critical Risk
97,1,0,0,145.0,103,24.65,294.3,93,25.02,239.8,120,10.79,11.0,2,2.97,4,365-7774,98.04,Critical Risk
115,1,0,0,345.3,81,58.7,203.4,106,17.29,217.5,107,9.79,11.8,8,3.19,1,348-1163,97.22,Critical Risk
121,1,1,44,254.1,127,43.2,180.2,108,15.32,196.2,129,8.83,8.7,4,2.35,3,400-3343,96.83,Critical Risk
138,1,1,28,211.2,117,35.9,312.5,98,26.56,178.0,118,8.01,10.7,2,2.89,3,384-7236,96.79,Critical Risk
127,1,0,0,242.2,102,41.17,226.1,80,19.22,252.0,96,11.34,13.9,5,3.75,2,400-2181,96.76,Critical Risk
159,1,0,0,257.1,53,43.71,312.2,127,26.54,183.0,82,8.24,8.8,6,2.38,1,341-4463,96.58,Critical Risk
125,1,0,0,298.4,78,50.73,270.5,142,22.99,107.3,84,4.83,12.2,2,3.29,0,357-1938,96.34,Critical Risk
126,1,0,0,239.7,87,40.75,281.7,92,23.94,183.5,113,8.26,11.4,1,3.08,1,352-7752,96.2,Critical Risk
105,1,0,0,150.0,106,25.5,293.8,123,24.97,250.7,65,11.28,10.3,7,2.78,3,350-2250,96.16,Critical Risk
109,1,0,0,268.4,85,45.63,150.6,131,12.8,297.9,84,13.41,9.7,8,2.62,2,404-3106,95.58,Critical Risk
94,1,1,23,197.1,125,33.51,214.5,136,18.23,282.2,103,12.7,9.5,5,2.57,4,355-5009,95.51,Critical Risk
49,1,0,0,237.8,92,40.43,208.9,119,17.76,167.8,86,7.55,15.6,6,4.21,2,340-4972,95.43,Critical Risk
69,1,0,0,279.8,90,47.57,248.7,91,21.14,171.0,118,7.69,8.4,10,2.27,2,418-6455,95.28,Critical Risk
76,1,0,0,241.0,120,40.97,231.8,96,19.7,220.2,67,9.91,9.9,1,2.67,1,377-4169,95.25,Critical Risk
82,1,0,0,208.8,101,35.5,213.7,87,18.16,175.1,86,7.88,12.4,6,3.35,3,406-4604,95.22,Critical Risk
147,1,1,24,219.9,118,37.38,208.5,116,17.72,352.5,111,15.86,8.1,4,2.19,3,365-5682,95.17,Critical Risk
80,1,0,0,189.1,122,32.15,223.2,92,18.97,269.0,116,12.11,13.9,3,3.75,2,420-8435,95.09,Critical Risk
126,1,0,0,197.6,126,33.59,246.5,112,20.95,285.3,104,12.84,12.5,8,3.38,2,339-9798,95.09,Critical Risk
70,1,0,0,226.7,98,38.54,228.1,115,19.39,73.2,93,3.29,17.6,4,4.75,2,366-6345,95.0,Critical Risk
81,1,1,37,237.1,76,40.31,264.2,125,22.46,271.3,120,12.21,7.9,3,2.13,1,362-7581,94.45,Critical Risk
156,1,0,0,277.0,119,47.09,238.3,106,20.26,94.4,96,4.25,8.3,3,2.24,1,377-4518,94.3,Critical Risk
127,1,0,0,256.5,87,43.61,222.1,101,18.88,156.7,122,7.05,13.0,3,3.51,1,363-1413,94.27,Critical Risk
115,1,0,0,249.9,95,42.48,242.5,104,20.61,151.7,121,6.83,15.3,6,4.13,1,420-9971,93.91,Critical Risk
54,1,0,0,236.3,91,40.17,152.8,130,12.99,160.3,98,7.21,11.2,8,3.02,3,390-6932,93.89,Critical Risk
93,0,1,42,152.3,90,25.89,267.5,102,22.74,266.9,130,12.01,11.3,5,3.05,7,397-9184,93.64,Critical Risk
138,1,0,0,268.4,81,45.63,174.4,115,14.82,193.5,96,8.71,11.6,4,3.13,1,405-2209,93.45,Critical Risk
137,1,0,0,258.0,112,43.86,246.5,117,20.95,173.2,100,7.79,10.9,3,2.94,0,330-5824,92.77,Critical Risk
141,1,1,37,258.6,84,43.96,222.0,111,18.87,326.4,97,14.69,11.2,5,3.02,0,330-8173,91.82,Critical Risk
107,1,0,0,133.3,106,22.66,182.9,89,15.55,241.1,123,10.85,12.9,2,3.48,3,343-5219,91.6,Critical Risk
85,1,0,0,165.4,107,28.12,196.0,126,16.66,349.2,110,15.71,9.6,7,2.59,2,381-5878,91.36,Critical Risk
140,1,1,27,188.9,124,32.11,160.9,102,13.68,197.7,100,8.9,11.5,5,3.11,4,412-1076,91.07,Critical Risk
124,1,0,0,244.6,89,41.58,188.8,80,16.05,206.0,114,9.27,11.3,4,3.05,1,343-6374,90.9,Critical Risk
55,1,0,0,269.6,121,45.83,171.7,91,14.59,219.0,98,9.86,8.2,6,2.21,1,398-5970,90.61,Critical Risk
104,0,0,0,280.4,127,47.67,179.4,79,15.25,150.6,77,6.78,15.2,6,4.1,5,382-2026,90.52,Critical Risk
81,1,0,0,227.4,105,38.66,211.5,120,17.98,258.2,113,11.62,11.9,3,3.21,0,385-7861,90.27,Critical Risk
109,1,0,0,209.1,141,35.55,205.0,93,17.43,119.4,111,5.37,7.8,3,2.11,2,361-9839,90.13,Critical Risk
141,0,0,0,242.8,90,41.28,234.1,80,19.9,211.5,104,9.52,6.0,3,1.62,5,391-6773,90.03,Critical Risk
120,1,0,0,202.0,123,34.34,184.3,78,15.67,176.0,89,7.92,7.4,2,2.0,2,344-1136,89.92,Critical Risk
88,1,1,25,288.5,114,49.05,203.4,74,17.29,228.4,117,10.28,13.0,5,3.51,1,408-4870,89.7,Critical Risk
147,1,1,35,157.5,109,26.78,189.6,67,16.12,227.0,76,10.22,11.1,2,3.0,3,409-4671,89.61,Critical Risk
149,0,0,0,166.6,61,28.32,218.8,107,18.6,208.3,131,9.37,8.2,6,2.21,7,393-8736,89.51,Critical Risk
63,1,1,36,199.0,110,33.83,291.3,111,24.76,197.6,92,8.89,11.0,6,2.97,1,410-3719,89.31,Critical Risk
190,1,0,0,111.9,55,19.02,223.0,124,18.96,243.2,81,10.94,10.0,7,2.7,3,394-5753,89.12,Critical Risk
95,0,1,36,283.1,112,48.13,286.2,86,24.33,261.7,129,11.78,11.3,3,3.05,3,375-2098,89.05,Critical Risk
102,1,0,0,233.8,103,39.75,221.6,131,18.84,146.9,106,6.61,12.8,3,3.46,0,355-6560,88.87,Critical Risk
115,1,0,0,180.0,119,30.6,198.8,126,16.9,217.1,70,9.77,12.4,3,3.35,1,337-2442,88.76,Critical Risk
41,0,0,0,232.1,74,39.46,327.1,88,27.8,226.5,119,10.19,10.9,2,2.94,3,327-8495,88.65,Critical Risk
117,1,0,0,198.4,121,33.73,249.5,104,21.21,162.8,115,7.33,10.5,5,2.84,1,344-5766,88.62,Critical Risk
84,1,0,0,299.4,71,50.9,61.9,88,5.26,196.9,89,8.86,6.6,7,1.78,2,375-9999,88.4,Critical Risk
204,0,0,0,174.3,85,29.63,254.1,95,21.6,176.4,96,7.94,5.9,3,1.59,6,371-9414,88.32,Critical Risk
44,0,0,0,288.1,112,48.98,258.0,92,21.93,192.4,90,8.66,10.2,4,2.75,3,419-8987,87.63,Critical Risk
94,0,0,0,269.2,104,45.76,193.8,144,16.47,257.6,61,11.59,8.9,2,2.4,3,379-7215,86.82,Critical Risk
161,0,0,0,322.3,100,54.79,230.4,135,19.58,241.5,104,10.87,7.8,5,2.11,2,394-5489,86.3,Critical Risk
76,1,0,0,246.8,110,41.96,206.3,63,17.54,208.4,123,9.38,13.2,5,3.56,0,345-6961,86.14,Critical Risk
103,1,0,0,171.7,78,29.19,144.5,86,12.28,157.9,106,7.11,6.8,3,1.84,3,394-2560,86.09,Critical Risk
60,0,0,0,289.8,101,49.27,255.6,115,21.73,242.8,76,10.93,11.7,4,3.16,2,335-2967,85.99,Critical Risk
58,0,0,0,210.1,126,35.72,248.9,108,21.16,158.6,88,7.14,14.4,2,3.89,4,354-2762,85.99,Critical Risk
112,0,1,31,225.2,89,38.28,256.8,117,21.83,249.7,87,11.24,11.5,1,3.11,4,408-5601,85.88,Critical Risk
93,0,0,0,267.9,114,45.54,223.0,74,18.96,262.7,90,11.82,11.3,3,3.05,3,374-9203,85.48,Critical Risk
128,0,0,0,199.3,86,33.88,194.8,102,16.56,298.2,82,13.42,14.3,2,3.86,4,410-4613,85.34,Critical Risk
112,0,0,0,335.5,77,57.04,212.5,109,18.06,265.0,132,11.93,12.7,8,3.43,2,373-2053,84.98,Critical Risk
23,0,0,0,321.6,107,54.67,251.6,115,21.39,141.1,158,6.35,11.3,3,3.05,2,370-5527,84.85,Critical Risk
36,1,1,42,196.8,89,33.46,254.9,122,21.67,138.3,126,6.22,20.0,6,5.4,0,363-1069,84.8,Critical Risk
129,1,0,0,192.9,131,32.79,185.5,101,15.77,205.2,130,9.23,10.9,4,2.94,1,408-2712,84.74,Critical Risk
92,1,0,0,255.8,125,43.49,142.7,111,12.13,181.2,101,8.15,11.7,3,3.16,0,409-2917,84.72,Critical Risk
152,1,1,41,146.8,128,24.96,285.6,96,24.28,213.6,80,9.61,4.3,2,1.16,1,332-6139,84.54,Critical Risk
103,0,0,0,167.8,121,28.53,212.9,123,18.1,208.2,73,9.37,13.0,3,3.51,5,393-4621,84.49,Critical Risk
65,1,0,0,277.9,123,47.24,155.8,112,13.24,256.9,71,11.56,9.2,10,2.48,0,383-9306,84.41,Critical Risk
120,1,0,0,179.9,72,30.58,170.0,98,14.45,190.6,89,8.58,13.8,2,3.73,1,410-7611,84.34,Critical Risk
121,0,0,0,255.1,93,43.37,266.9,97,22.69,197.7,118,8.9,8.8,3,2.38,3,378-1884,83.97,Critical Risk
87,1,1,40,221.6,79,37.67,157.1,74,13.35,222.4,124,10.01,11.5,3,3.11,1,343-4147,83.75,Critical Risk
146,1,0,0,111.1,126,18.89,313.4,95,26.64,215.7,82,9.71,10.5,6,2.84,1,391-4358,83.2,Critical Risk
102,0,0,0,234.8,125,39.92,199.2,99,16.93,163.2,88,7.34,10.0,1,2.7,4,365-8831,82.9,Critical Risk
62,1,1,32,218.4,93,37.13,236.7,132,20.12,192.2,137,8.65,13.2,3,3.56,0,358-1346,82.84,Critical Risk
16,0,0,0,174.7,83,29.7,280.8,122,23.87,171.7,80,7.73,10.5,8,2.84,5,400-3197,82.28,Critical Risk
149,0,0,0,242.5,83,41.23,245.4,97,20.86,219.6,80,9.88,10.0,3,2.7,3,331-1391,82.2,Critical Risk
29,1,1,37,235.0,101,39.95,183.3,79,15.58,139.8,106,6.29,5.7,7,1.54,2,397-3058,81.97,Critical Risk
137,1,0,0,135.1,95,22.97,134.1,102,11.4,223.1,81,10.04,12.3,2,3.32,2,338-1027,81.61,Critical Risk
95,0,0,0,128.6,115,21.86,216.2,88,18.38,255.3,96,11.49,6.3,2,1.7,6,384-3413,81.56,Critical Risk
103,0,0,0,174.7,151,29.7,148.0,56,12.58,168.2,109,7.57,15.8,3,4.27,6,346-5992,80.78,Critical Risk
116,0,0,0,159.4,79,27.1,179.5,88,15.26,167.8,71,7.55,9.7,2,2.62,6,405-2276,80.72,Critical Risk
138,1,0,0,46.5,104,7.91,186.0,114,15.81,167.5,95,7.54,9.6,4,2.59,4,380-7816,80.51,Critical Risk
163,1,0,0,197.2,90,33.52,188.5,113,16.02,211.1,94,9.5,7.8,8,2.11,1,379-7290,80.29,Critical Risk
109,0,1,46,217.5,123,36.98,233.7,84,19.86,163.9,99,7.38,9.0,3,2.43,4,388-6479,79.99,Critical Risk
110,0,0,0,242.5,110,41.23,162.3,140,13.8,184.1,86,8.28,7.8,3,2.11,4,398-6703,79.83,Critical Risk
136,1,0,0,183.4,103,31.18,141.9,113,12.06,200.4,122,9.02,10.4,9,2.81,2,392-1547,79.8,Critical Risk
95,0,0,0,238.1,65,40.48,187.2,98,15.91,190.0,115,8.55,11.8,4,3.19,4,334-2577,79.66,Critical Risk
155,1,0,0,163.1,94,27.73,291.7,108,24.79,96.4,111,4.34,11.2,3,3.02,0,334-2961,79.56,Critical Risk
138,1,0,0,169.3,82,28.78,217.9,147,18.52,184.2,77,8.29,9.4,9,2.54,1,331-6629,79.53,Critical Risk
142,0,0,0,232.5,74,39.53,181.8,142,15.45,203.1,86,9.14,10.4,6,2.81,4,378-4617,79.43,Critical Risk
81,0,1,46,168.3,124,28.61,270.9,103,23.03,222.5,98,10.01,6.7,2,1.81,4,347-6717,79.32,Critical Risk
4,1,0,0,145.3,89,24.7,303.8,93,25.82,206.1,82,9.27,8.9,4,2.4,0,413-6346,79.25,Critical Risk
148,1,0,0,233.5,81,39.7,187.7,71,15.95,122.3,97,5.5,9.6,2,2.59,0,385-1118,79.18,Critical Risk
149,0,0,0,217.7,91,37.01,273.5,74,23.25,226.9,99,10.21,9.6,3,2.59,3,340-3500,78.78,Critical Risk
87,1,1,36,171.2,138,29.1,185.8,102,15.79,227.6,97,10.24,10.8,3,2.92,1,417-1360,78.01,Critical Risk
77,0,0,0,175.5,86,29.84,205.1,78,17.43,245.2,100,11.03,17.8,3,4.81,4,335-2261,77.84,Critical Risk
113,0,0,0,239.7,47,40.75,282.9,110,24.05,238.4,88,10.73,8.7,3,2.35,2,352-4418,77.79,Critical Risk
81,0,0,0,166.2,102,28.25,217.6,112,18.5,220.2,68,9.91,13.2,2,3.56,4,346-1095,77.26,Critical Risk
112,1,0,0,161.9,138,27.52,200.9,114,17.08,134.0,134,6.03,10.7,4,2.89,1,330-2693,77.11,Critical Risk
3,1,0,0,161.0,96,27.37,244.9,82,20.82,180.8,103,8.14,7.7,6,2.08,1,407-8012,76.96,Critical Risk
209,0,0,0,227.2,128,38.62,258.4,92,21.96,183.5,74,8.26,8.9,4,2.4,3,413-5310,76.91,Critical Risk
139,1,1,31,203.5,82,34.6,200.3,72,17.03,214.0,112,9.63,13.4,6,3.62,1,388-2240,76.85,Critical Risk
82,0,0,0,167.1,77,28.41,131.8,79,11.2,187.4,98,8.43,9.4,1,2.54,6,356-5475,76.66,Critical Risk
74,0,0,0,298.1,112,50.68,201.3,100,17.11,214.7,88,9.66,9.7,4,2.62,2,413-2194,76.65,Critical Risk
144,1,1,35,174.8,127,29.72,219.6,93,18.67,255.8,90,11.51,12.8,3,3.46,0,416-9021,76.52,Critical Risk
208,0,0,0,326.5,67,55.51,176.3,113,14.99,181.7,102,8.18,10.7,6,2.89,2,378-3625,76.37,Critical Risk
87,1,0,0,167.3,119,28.44,198.5,119,16.87,133.1,88,5.99,11.0,6,2.97,1,417-1272,76.21,Critical Risk
184,1,0,0,213.8,105,36.35,159.6,84,13.57,139.2,137,6.26,5.0,10,1.35,2,364-6381,76.0,Critical Risk
103,1,0,0,62.8,124,10.68,170.4,66,14.48,280.2,78,12.61,9.4,4,2.54,3,342-3678,75.96,Critical Risk
104,0,0,0,167.6,116,28.49,219.2,112,18.63,215.9,94,9.72,11.7,2,3.16,4,420-3346,75.87,Critical Risk
147,1,0,0,183.8,113,31.25,164.7,110,14.0,111.0,87,5.0,10.1,4,2.73,1,357-5995,75.46,Critical Risk
92,0,0,0,154.0,122,26.18,329.8,88,28.03,288.0,117,12.96,5.6,2,1.51,3,405-3916,75.38,Critical Risk
39,0,0,0,295.4,126,50.22,232.1,117,19.73,204.4,123,9.2,11.5,2,3.11,1,359-4336,75.09,Critical Risk
58,0,0,0,247.2,116,42.02,303.7,103,25.81,105.4,94,4.74,9.3,2,2.51,2,409-2983,74.97,High Risk
62,0,0,0,182.3,101,30.99,328.2,93,27.9,245.0,131,11.03,11.2,1,3.02,2,377-9932,74.84,High Risk
38,0,0,0,175.7,109,29.87,211.8,97,18.0,137.9,109,6.21,9.2,3,2.48,5,399-5291,74.8,High Risk
98,0,1,36,168.0,81,28.56,163.2,125,13.87,172.7,120,7.77,8.0,2,2.16,6,333-3010,74.44,High Risk
185,1,1,30,154.1,114,26.2,118.7,106,10.09,258.4,105,11.63,12.9,3,3.48,2,405-7904,74.39,High Risk
2,1,0,0,132.1,42,22.46,138.9,88,11.81,192.6,119,8.67,9.1,1,2.46,2,415-8448,74.23,High Risk
97,0,0,0,256.4,125,43.59,273.9,100,23.28,222.7,101,10.02,11.1,1,3.0,1,405-6189,74.21,High Risk
180,0,0,0,224.9,105,38.23,250.0,101,21.25,216.1,73,9.72,6.7,5,1.81,3,369-1929,74.03,High Risk
133,0,0,0,277.3,138,47.14,228.4,117,19.41,117.3,103,5.28,12.8,4,3.46,2,387-9137,73.85,High Risk
82,0,0,0,185.8,36,31.59,276.5,134,23.5,192.1,104,8.64,5.7,7,1.54,4,343-2741,73.56,High Risk
147,0,1,38,243.4,126,41.38,273.8,109,23.27,282.9,91,12.73,14.1,8,3.81,2,400-7280,73.56,High Risk
160,0,0,0,234.9,136,39.93,270.8,134,23.02,219.3,101,9.87,13.9,2,3.75,1,360-2329,73.42,High Risk
90,0,0,0,207.2,121,35.22,292.5,104,24.86,226.3,103,10.18,8.0,1,2.16,2,416-2825,73.19,High Risk
99,0,0,0,146.7,64,24.94,274.0,99,23.29,321.3,98,14.46,8.9,1,2.4,3,363-8824,73.18,High Risk
105,1,0,0,228.4,100,38.83,145.1,108,12.33,245.3,140,11.04,7.7,7,2.08,0,376-4540,73.02,High Risk
61,0,1,33,270.7,53,46.02,200.7,116,17.06,201.7,102,9.08,10.9,3,2.94,3,349-5617,72.81,High Risk
74,0,1,31,249.4,70,42.4,209.5,59,17.81,180.6,75,8.13,9.9,2,2.67,4,340-8245,72.64,High Risk
40,0,0,0,81.7,123,13.89,210.2,108,17.87,212.0,64,9.54,11.3,3,3.05,6,350-7114,72.53,High Risk
114,0,0,0,147.1,119,25.01,161.0,111,13.69,275.9,106,12.42,9.0,3,2.43,5,354-5689,72.44,High Risk
34,0,0,0,293.7,89,49.93,272.5,71,23.16,178.2,76,8.02,11.0,10,2.97,2,374-1981,71.94,High Risk
37,0,0,0,221.0,126,37.57,204.5,110,17.38,118.0,98,5.31,6.8,3,1.84,4,413-2238,71.9,High Risk
113,0,0,0,209.4,151,35.6,347.3,113,29.52,246.0,116,11.07,7.4,2,2.0,1,353-6007,71.9,High Risk
78,0,0,0,252.9,93,42.99,178.4,112,15.16,263.9,105,11.88,9.5,7,2.57,3,400-9510,71.76,High Risk
85,0,0,0,255.3,114,43.4,194.6,83,16.54,276.6,78,12.45,3.7,5,1.0,3,363-1208,71.68,High Risk
36,0,0,0,202.4,115,34.41,230.7,115,19.61,202.0,127,9.09,10.2,2,2.75,3,336-1462,71.57,High Risk
145,1,1,30,175.3,107,29.8,153.3,116,13.03,233.6,85,10.51,11.1,3,3.0,1,405-6398,71.53,High Risk
100,0,0,0,70.8,94,12.04,215.6,102,18.33,230.8,125,10.39,9.5,1,2.57,6,382-4932,71.53,High Risk
188,1,1,26,198.8,115,33.8,166.6,67,14.16,198.5,118,8.93,14.4,3,3.89,1,369-6890,71.39,High Risk
129,0,0,0,186.0,127,31.62,262.3,96,22.3,98.9,63,4.45,11.5,6,3.11,4,355-9475,71.0,High Risk
64,0,0,0,148.1,73,25.18,164.9,101,14.02,216.0,125,9.72,12.3,2,3.32,5,350-7306,70.97,High Risk
129,0,0,0,143.7,114,24.43,297.8,98,25.31,212.6,86,9.57,11.4,8,3.08,4,379-3132,70.64,High Risk
128,0,0,0,247.3,91,42.04,182.7,60,15.53,143.2,112,6.44,14.7,2,3.97,3,353-7461,70.6,High Risk
7,0,0,0,206.7,87,35.14,281.1,83,23.89,158.5,77,7.13,11.0,5,2.97,3,358-9146,70.41,High Risk
92,0,0,0,201.9,74,34.32,226.8,119,19.28,217.5,80,9.79,13.7,6,3.7,3,349-9566,70.31,High Risk
123,0,0,0,206.9,85,35.17,244.7,78,20.8,221.5,136,9.97,7.7,2,2.08,3,402-6591,70.25,High Risk
108,0,0,0,210.7,112,35.82,238.7,73,20.29,253.6,90,11.41,9.2,5,2.48,3,365-1688,70.16,High Risk
101,0,1,28,220.3,96,37.45,285.8,72,24.29,203.0,111,9.14,9.4,6,2.54,4,367-9127,70.13,High Risk
147,0,1,33,251.5,107,42.76,234.1,110,19.9,213.4,87,9.6,10.4,6,2.81,3,421-7205,70.0,High Risk
128,1,0,0,245.2,112,41.68,101.5,101,8.63,152.3,116,6.85,10.7,5,2.89,0,353-6038,69.87,High Risk
88,0,0,0,264.8,124,45.02,245.4,112,20.86,160.5,115,7.22,14.8,2,4.0,1,418-6737,69.63,High Risk
77,0,0,0,233.8,104,39.75,266.5,94,22.65,212.7,104,9.57,7.6,3,2.05,2,409-8814,69.24,High Risk
62,0,0,0,248.7,109,42.28,220.0,118,18.7,265.7,78,11.96,13.2,2,3.56,1,366-7912,69.14,High Risk
126,0,0,0,256.5,112,43.61,199.5,90,16.96,188.3,122,8.47,7.0,5,1.89,3,363-9663,69.0,High Risk
27,0,0,0,177.6,121,30.19,296.8,92,25.23,192.9,106,8.68,7.6,3,2.05,3,398-7414,68.97,High Risk
155,1,1,26,211.7,121,35.99,139.2,123,11.83,146.7,89,6.6,11.1,3,3.0,1,346-8362,68.95,High Risk
37,0,0,0,239.9,120,40.78,261.6,88,22.24,207.1,88,9.32,8.9,4,2.4,2,328-8980,68.84,High Risk
21,0,1,31,135.9,90,23.1,271.0,84,23.04,179.1,89,8.06,9.5,7,2.57,6,383-5976,68.65,High Risk
106,0,0,0,207.9,91,35.34,172.0,109,14.62,191.8,143,8.63,14.4,7,3.89,4,365-2153,68.6,High Risk
37,0,0,0,271.7,112,46.19,155.1,96,13.18,199.5,97,8.98,6.6,4,1.78,3,340-5678,68.26,High Risk
101,0,0,0,248.6,102,42.26,174.9,93,14.87,207.2,86,9.32,6.1,3,1.65,3,352-7234,67.89,High Risk
136,0,0,0,250.2,121,42.53,267.1,118,22.7,151.0,114,6.8,13.0,2,3.51,1,375-1476,67.75,High Risk
130,0,0,0,155.9,95,26.5,256.1,97,21.77,262.9,103,11.83,11.7,3,3.16,3,403-5279,67.72,High Risk
109,1,1,26,217.2,138,36.92,145.5,111,12.37,280.7,76,12.63,9.3,3,2.51,0,402-9691,67.7,High Risk
119,0,0,0,230.4,117,39.17,225.0,101,19.13,198.5,111,8.93,7.6,6,2.05,3,327-4795,67.5,High Risk
102,0,0,0,242.2,88,41.17,233.2,89,19.82,188.5,121,8.48,6.2,6,1.67,3,381-2726,67.43,High Risk
201,0,0,0,225.9,110,38.4,299.1,86,25.42,251.3,81,11.31,11.2,4,3.02,1,415-5476,67.38,High Risk
112,0,1,27,213.0,121,36.21,226.2,101,19.23,189.8,99,8.54,11.1,3,3.0,4,418-5708,67.32,High Risk
167,0,0,0,169.2,124,28.76,173.3,108,14.73,216.5,64,9.74,12.4,4,3.35,4,416-5660,67.24,High Risk
1,0,0,0,182.1,106,30.96,134.9,106,11.47,152.3,75,6.85,10.0,3,2.7,5,396-4254,67.24,High Risk
41,0,0,0,237.8,92,40.43,223.5,155,19.0,217.4,90,9.78,10.2,6,2.75,2,417-6906,67.02,High Risk
110,0,0,0,196.1,103,33.34,199.7,123,16.97,135.9,71,6.12,12.9,1,3.48,3,348-1706,67.01,High Risk
181,1,0,0,161.3,83,27.42,124.4,83,10.57,262.0,98,11.79,14.1,3,3.81,0,421-8537,66.33,High Risk
144,0,1,51,283.9,98,48.26,192.0,109,16.32,196.3,85,8.83,10.0,4,2.7,1,376-4484,66.26,High Risk
56,0,0,0,162.3,99,27.59,149.1,78,12.67,255.5,115,11.5,14.8,1,4.0,4,406-3069,66.23,High Risk
120,0,0,0,177.2,88,30.12,270.4,99,22.98,231.5,90,10.42,14.0,2,3.78,2,369-5810,66.15,High Risk
63,0,0,0,211.8,84,36.01,230.9,137,19.63,217.1,99,9.77,10.7,9,2.89,3,408-6725,65.95,High Risk
123,0,0,0,257.9,92,43.84,211.6,71,17.99,189.3,104,8.52,9.4,2,2.54,2,329-5114,65.9,High Risk
172,0,1,47,274.9,102,46.73,186.6,118,15.86,245.0,123,11.03,8.8,2,2.38,1,331-5962,65.74,High Risk
85,0,0,0,236.9,93,40.27,197.7,113,16.8,309.1,78,13.91,11.4,7,3.08,2,366-2273,65.69,High Risk
89,0,0,0,129.2,71,21.96,214.1,68,18.2,214.9,100,9.67,10.3,4,2.78,5,347-2016,65.65,High Risk
135,1,1,24,127.7,54,21.71,215.0,105,18.28,234.3,84,10.54,5.8,4,1.57,2,378-4013,65.64,High Risk
145,0,1,43,257.7,97,43.81,162.1,95,13.78,286.9,86,12.91,11.1,4,3.0,2,366-6730,65.55,High Risk
61,0,0,0,267.1,104,45.41,180.4,131,15.33,230.6,106,10.38,17.3,4,4.67,1,420-8897,65.54,High Risk
163,0,1,40,231.9,56,39.42,211.8,91,18.0,268.5,74,12.08,12.3,3,3.32,2,398-8122,65.33,High Risk
118,0,0,0,189.3,119,32.18,233.5,112,19.85,270.9,104,12.19,10.0,1,2.7,2,421-9034,65.25,High Risk
115,0,0,0,178.7,114,30.38,271.0,96,23.04,245.9,94,11.07,16.4,5,4.43,2,393-5802,64.83,High Risk
116,0,0,0,288.0,120,48.96,255.8,90,21.74,233.4,99,10.5,13.4,4,3.62,0,373-6922,64.8,High Risk
19,0,0,0,259.4,116,44.1,269.7,109,22.92,175.3,130,7.89,9.5,3,2.57,1,408-5322,64.03,High Risk
83,0,0,0,221.4,103,37.64,231.8,103,19.7,122.5,100,5.51,9.8,5,2.65,3,369-4384,63.92,High Risk
80,0,0,0,202.4,118,34.41,260.2,67,22.12,177.4,112,7.98,9.2,5,2.48,3,332-8764,63.5,High Risk
81,0,0,0,324.7,48,55.2,236.4,82,20.09,187.6,78,8.44,13.1,5,3.54,0,406-4100,63.45,High Risk
174,0,0,0,124.3,76,21.13,277.1,112,23.55,250.7,115,11.28,15.5,5,4.19,3,331-3698,63.42,High Risk
35,0,0,0,138.1,115,23.48,158.2,82,13.45,215.7,118,9.71,10.3,2,2.78,5,393-8762,63.19,High Risk
88,0,0,0,274.6,105,46.68,161.1,121,13.69,194.4,123,8.75,9.2,4,2.48,2,354-3040,62.66,High Risk
91,1,0,0,151.8,115,25.81,103.6,116,8.81,156.3,86,7.03,12.2,4,3.29,1,348-9383,62.56,High Risk
118,0,0,0,188.8,60,32.1,217.4,64,18.48,220.1,100,9.9,8.2,7,2.21,4,328-1222,62.45,High Risk
154,1,0,0,145.9,69,24.8,208.2,141,17.7,180.9,106,8.14,14.4,10,3.89,0,374-8329,62.43,High Risk
122,0,0,0,231.2,141,39.3,267.8,136,22.76,240.3,100,10.81,8.8,5,2.38,1,395-1901,62.21,High Risk
33,0,0,0,251.9,81,42.82,194.6,96,16.54,211.2,87,9.5,8.4,3,2.27,2,371-9602,61.99,High Risk
58,0,0,0,243.1,105,41.33,231.4,108,19.67,180.9,120,8.14,7.8,4,2.11,2,328-5050,61.89,High Risk
143,0,0,0,160.4,120,27.27,285.9,104,24.3,182.5,85,8.21,6.9,4,1.86,3,340-4989,61.68,High Risk
131,0,0,0,263.4,123,44.78,151.9,74,12.91,218.5,101,9.83,10.7,2,2.89,2,394-9984,61.67,High Risk
128,0,0,0,237.9,125,40.44,247.6,93,21.05,208.9,68,9.4,13.9,4,3.75,1,358-9095,61.42,High Risk
37,1,0,0,106.6,76,18.12,147.4,89,12.53,235.8,113,10.61,9.6,8,2.59,2,420-2000,60.96,High Risk
108,0,1,32,209.5,108,35.62,109.6,64,9.32,189.7,145,8.54,9.1,6,2.46,6,378-6276,60.87,High Risk
112,1,1,16,200.3,72,34.05,197.8,91,16.81,151.1,92,6.8,10.4,3,2.81,1,351-2928,60.75,High Risk
157,0,0,0,220.7,105,37.52,119.3,127,10.14,165.1,113,7.43,11.5,7,3.11,4,389-9783,60.7,High Risk
95,0,0,0,194.6,114,33.08,232.8,106,19.79,173.4,92,7.8,3.8,2,1.03,3,390-3565,60.62,High Risk
118,0,1,35,256.3,119,43.57,258.1,91,21.94,215.5,130,9.7,11.7,1,3.16,1,381-1026,60.41,High Risk
82,0,0,0,189.2,81,32.16,184.4,117,15.67,255.8,83,11.51,10.6,5,2.86,3,395-9215,60.34,High Risk
71,0,0,0,197.9,108,33.64,181.5,109,15.43,281.4,56,12.66,6.7,5,1.81,3,362-7318,60.34,High Risk
88,0,0,0,202.2,86,34.37,216.8,93,18.43,239.4,99,10.77,11.8,2,3.19,2,376-4856,60.12,High Risk
158,0,0,0,222.8,101,37.88,203.0,128,17.26,210.6,106,9.48,6.9,2,1.86,2,396-2719,60.09,High Risk
92,1,0,0,62.6,111,10.64,180.6,126,15.35,221.7,80,9.98,10.4,2,2.81,1,386-4170,59.81,High Risk
72,0,1,37,220.0,80,37.4,217.3,102,18.47,152.8,71,6.88,14.7,6,3.97,3,362-1407,59.79,High Risk
141,0,1,36,187.5,99,31.88,241.4,116,20.52,229.5,105,10.33,10.5,5,2.84,3,406-4710,59.34,High Risk
166,0,0,0,197.9,89,33.64,251.0,113,21.34,138.3,85,6.22,11.2,2,3.02,2,345-8433,59.1,High Risk
46,0,0,0,199.2,111,33.86,175.1,83,14.88,210.6,84,9.48,10.2,2,2.75,3,380-5873,59.06,High Risk
92,0,1,33,243.1,92,41.33,213.8,92,18.17,228.7,104,10.29,12.1,2,3.27,2,361-9845,58.88,High Risk
120,0,0,0,252.1,110,42.86,226.1,103,19.22,155.6,83,7.0,13.8,3,3.73,1,375-5547,58.88,High Risk
90,1,1,26,169.0,104,28.73,188.8,104,16.05,213.3,76,9.6,13.3,3,3.59,0,355-9366,58.63,High Risk
147,0,0,0,248.6,83,42.26,148.9,85,12.66,172.5,109,7.76,8.0,4,2.16,3,415-2935,58.61,High Risk
128,0,0,0,268.1,95,45.58,120.5,126,10.24,220.8,121,9.94,14.4,6,3.89,2,397-9486,58.57,High Risk
113,0,0,0,272.1,111,46.26,268.5,118,22.82,213.8,105,9.62,8.5,10,2.3,1,419-1714,58.47,High Risk
85,0,0,0,225.0,81,38.25,176.9,63,15.04,194.3,110,8.74,7.1,2,1.92,3,336-5616,58.46,High Risk
116,0,1,34,268.6,83,45.66,178.2,142,15.15,166.3,106,7.48,11.6,3,3.13,2,405-3371,58.37,High Risk
143,0,0,0,167.8,72,28.53,211.0,99,17.94,153.5,109,6.91,10.5,6,2.84,4,332-2889,58.04,High Risk
204,0,0,0,205.2,145,34.88,154.8,95,13.16,191.4,77,8.61,14.1,5,3.81,3,401-3077,57.98,High Risk
140,0,0,0,120.3,108,20.45,240.4,84,20.43,216.4,74,9.74,7.7,3,2.08,4,333-5101,57.97,High Risk
58,0,0,0,238.9,107,40.61,187.2,88,15.91,181.1,84,8.15,11.8,3,3.19,2,389-6082,57.92,High Risk
33,0,0,0,184.4,111,31.35,203.8,110,17.32,237.4,100,10.68,9.3,5,2.51,3,349-1726,57.84,High Risk
166,0,0,0,199.6,93,33.93,214.3,99,18.22,196.8,110,8.86,7.2,5,1.94,3,367-4853,57.65,High Risk
144,0,0,0,278.5,95,47.35,240.7,90,20.46,120.0,90,5.4,11.6,5,3.13,1,384-5004,57.64,High Risk
115,0,0,0,184.1,98,31.3,327.0,73,27.8,212.5,106,9.56,7.5,6,2.03,2,356-3646,57.63,High Risk
93,1,1,20,187.5,110,31.88,169.8,94,14.43,175.3,127,7.89,12.1,4,3.27,1,328-1768,57.62,High Risk
96,0,1,37,172.7,93,29.36,120.1,116,10.21,216.1,86,9.72,10.3,5,2.78,5,387-5860,57.58,High Risk
68,0,0,0,207.6,68,35.29,251.6,123,21.39,191.6,100,8.62,10.9,6,2.94,2,363-3486,57.56,High Risk
130,0,0,0,263.7,113,44.83,186.5,103,15.85,195.3,99,8.79,18.3,6,4.94,1,358-3692,57.37,High Risk
138,0,0,0,251.0,119,42.67,91.2,96,7.75,142.2,87,6.4,13.8,3,3.73,3,359-7521,57.26,High Risk
110,0,0,0,241.2,105,41.0,174.3,85,14.82,245.3,59,11.04,8.5,4,2.3,2,418-1775,57.03,High Risk
181,0,0,0,229.9,130,39.08,144.4,93,12.27,262.4,110,11.81,14.2,4,3.83,2,406-6304,57.01,High Risk
142,1,1,25,191.1,109,32.49,149.6,120,12.72,227.8,60,10.25,9.8,3,2.65,0,383-2901,56.92,High Risk
150,0,1,35,139.6,72,23.73,332.8,170,28.29,213.8,105,9.62,8.8,2,2.38,2,421-6268,56.84,High Risk
118,0,1,26,170.8,114,29.04,199.5,125,16.96,169.7,98,7.64,9.6,5,2.59,5,397-9148,56.83,High Risk
115,0,0,0,245.0,97,41.65,250.7,75,21.31,270.2,124,12.16,13.7,8,3.7,1,339-1330,56.5,High Risk
117,0,0,0,184.5,97,31.37,351.6,80,29.89,215.8,90,9.71,8.7,4,2.35,1,335-4719,56.48,High Risk
182,0,0,0,279.1,124,47.45,180.5,108,15.34,217.5,104,9.79,9.5,11,2.57,2,418-8568,56.27,High Risk
148,0,0,0,202.0,102,34.34,243.2,128,20.67,261.3,90,11.76,10.9,3,2.94,1,329-9364,56.19,High Risk
173,0,0,0,291.8,143,49.61,214.3,134,18.22,151.2,119,6.8,9.9,2,2.67,0,372-7990,55.88,High Risk
145,0,1,31,216.0,94,36.72,225.1,123,19.13,234.7,109,10.56,10.7,1,2.89,2,346-4919,55.83,High Risk
155,0,0,0,262.4,55,44.61,194.6,113,16.54,146.5,85,6.59,8.3,6,2.24,2,417-3676,55.78,High Risk
127,0,0,0,220.2,108,37.43,188.4,124,16.01,172.7,113,7.77,11.7,3,3.16,2,353-3285,55.74,High Risk
119,0,0,0,294.2,100,50.01,232.5,53,19.76,195.0,64,8.78,9.0,1,2.43,0,344-5181,55.74,High Risk
70,0,0,0,214.8,87,36.52,131.0,114,11.14,216.9,104,9.76,9.4,3,2.54,3,402-2072,55.66,High Risk
87,0,0,0,184.5,81,31.37,172.0,103,14.62,183.4,96,8.25,13.7,3,3.7,3,363-3818,55.58,High Risk
108,0,1,34,162.1,83,27.56,171.8,117,14.6,259.8,76,11.69,9.6,3,2.59,4,356-8449,55.58,High Risk
93,0,0,0,271.1,101,46.09,237.4,133,20.18,145.4,103,6.54,8.4,6,2.27,1,404-4809,55.33,High Risk
102,0,0,0,200.6,106,34.1,152.5,127,12.96,199.4,128,8.97,7.7,2,2.08,3,360-7839,55.33,High Risk
93,0,0,0,190.7,114,32.42,218.2,111,18.55,129.6,121,5.83,8.1,3,2.19,3,386-2923,55.25,High Risk
75,0,1,21,175.8,97,29.89,217.5,106,18.49,237.5,134,10.69,5.3,4,1.43,5,374-8525,55.21,High Risk
140,0,0,0,231.9,101,39.42,160.1,94,13.61,110.4,98,4.97,14.3,6,3.86,3,419-9097,55.17,High Risk
21,0,0,0,92.6,95,15.74,161.9,70,13.76,285.0,78,12.83,11.3,3,3.05,5,412-1991,55.01,High Risk
64,0,0,0,219.6,126,37.33,303.3,100,25.78,154.5,65,6.95,9.7,5,2.62,1,422-7728,54.35,High Risk
110,0,0,0,159.5,145,27.12,202.3,101,17.2,256.0,96,11.52,16.7,2,4.51,2,396-5561,54.32,High Risk
82,0,0,0,207.0,90,35.19,232.9,83,19.8,172.4,108,7.76,9.1,8,2.46,3,345-6043,54.29,High Risk
160,0,0,0,171.2,103,29.1,243.5,121,20.7,178.2,92,8.02,13.0,3,3.51,2,347-5063,54.24,High Risk
108,0,1,30,276.6,99,47.02,220.1,113,18.71,177.9,95,8.01,9.8,6,2.65,2,380-7624,54.24,High Risk
74,0,0,0,200.4,87,34.07,309.2,105,26.28,152.1,118,6.84,10.0,2,2.7,1,366-5918,54.22,High Risk
109,0,0,0,193.6,58,32.91,148.7,115,12.64,282.5,105,12.71,13.1,1,3.54,2,363-4967,54.12,High Risk
5,0,0,0,199.2,106,33.86,187.3,12,15.92,214.0,85,9.63,13.3,3,3.59,3,380-2758,54.11,High Risk
91,0,0,0,217.9,71,37.04,230.1,116,19.56,232.1,110,10.44,10.6,2,2.86,1,398-3176,53.96,High Risk
21,0,0,0,223.2,142,37.94,216.5,114,18.4,214.7,111,9.66,12.4,2,3.35,1,351-6366,53.79,High Risk
135,0,0,0,239.9,91,40.78,177.1,104,15.05,217.2,118,9.77,5.9,3,1.59,2,393-2524,53.6,High Risk
97,0,0,0,144.2,91,24.51,226.7,137,19.27,144.6,72,6.51,13.8,4,3.73,3,351-6384,53.53,High Risk
73,0,0,0,234.7,102,39.9,195.7,110,16.63,253.4,71,11.4,8.4,8,2.27,2,377-8309,53.51,High Risk
106,0,0,0,235.2,121,39.98,220.6,87,18.75,236.3,91,10.63,11.8,4,3.19,1,353-8928,53.34,High Risk
139,1,0,0,161.5,121,27.46,192.9,137,16.4,168.3,96,7.57,11.2,13,3.02,0,365-9371,53.33,High Risk
105,0,1,31,109.6,108,18.63,249.3,119,21.19,321.2,101,14.45,8.3,4,2.24,4,409-9911,53.25,High Risk
28,0,0,0,180.8,109,30.74,288.8,58,24.55,191.9,91,8.64,14.1,6,3.81,2,328-8230,53.19,High Risk
68,0,0,0,213.9,112,36.36,260.5,100,22.14,233.8,97,10.52,8.4,3,2.27,1,403-8916,52.96,High Risk
76,0,0,0,204.2,100,34.71,292.6,139,24.87,244.3,105,10.99,10.5,2,2.84,0,363-3911,52.88,High Risk
95,0,0,0,156.6,88,26.62,247.6,75,21.05,192.3,115,8.65,12.3,5,3.32,3,394-8006,52.72,High Risk
35,0,0,0,179.2,59,30.46,283.3,101,24.08,285.4,83,12.84,5.8,7,1.57,2,362-4159,52.64,High Risk
109,0,0,0,153.1,102,26.03,234.1,77,19.9,329.2,74,14.81,9.9,9,2.67,3,378-4294,52.64,High Risk
97,0,0,0,218.0,86,37.06,184.0,94,15.64,240.5,110,10.82,6.4,8,1.73,3,397-4030,52.5,High Risk
80,0,0,0,220.0,114,37.4,207.7,76,17.65,168.4,137,7.58,12.1,3,3.27,2,330-3008,52.27,High Risk
74,0,0,0,282.5,114,48.03,219.9,48,18.69,170.0,115,7.65,9.4,4,2.54,1,355-6837,52.26,High Risk
99,0,0,0,200.0,66,34.0,107.9,104,9.17,233.7,82,10.52,11.4,2,3.08,3,386-9981,52.17,High Risk
75,0,0,0,224.7,116,38.2,192.0,79,16.32,212.2,98,9.55,11.3,11,3.05,3,373-2091,52.13,High Risk
21,0,0,0,244.7,81,41.6,168.0,117,14.28,281.5,87,12.67,6.6,1,1.78,1,335-2274,52.05,High Risk
177,0,0,0,232.8,106,39.58,175.2,97,14.89,212.2,77,9.55,12.5,7,3.38,2,406-8809,51.74,High Risk
63,1,0,0,62.9,112,10.69,202.9,111,17.25,259.0,58,11.66,8.9,8,2.4,1,366-4287,51.72,High Risk
64,0,0,0,206.2,76,35.05,232.4,76,19.75,251.6,96,11.32,13.6,2,3.67,1,385-1985,51.68,High Risk
154,0,0,0,154.5,122,26.27,214.2,71,18.21,178.0,105,8.01,12.0,2,3.24,3,411-2977,51.33,High Risk
13,0,0,0,303.2,133,51.54,170.5,86,14.49,227.6,80,10.24,11.5,3,3.11,0,413-7468,51.13,High Risk
155,0,0,0,190.3,123,32.35,301.3,96,25.61,214.6,134,9.66,8.0,3,2.16,1,399-3164,50.8,High Risk
92,0,1,23,167.4,83,28.46,258.6,129,21.98,116.4,110,5.24,11.2,3,3.02,4,417-4063,50.79,High Risk
160,0,0,0,166.4,117,28.29,317.0,129,26.95,160.4,121,7.22,10.0,2,2.7,1,350-4820,50.46,High Risk
101,0,0,0,89.7,118,15.25,260.1,79,22.11,170.1,93,7.65,13.5,11,3.65,5,345-1524,50.22,High Risk
57,0,0,0,189.3,157,32.18,174.9,70,14.87,221.9,117,9.99,11.2,5,3.02,3,345-5089,50.09,High Risk
36,0,0,0,177.9,129,30.24,224.6,87,19.09,306.3,102,13.78,10.8,6,2.92,2,383-5474,50.01,High Risk
88,0,0,0,166.7,61,28.34,179.3,88,15.24,242.7,131,10.92,6.8,7,1.84,4,364-3286,50.01,High Risk
138,0,0,0,171.4,117,29.14,115.2,128,9.79,224.5,115,10.1,17.0,4,4.59,3,395-8595,49.94,Moderate Risk
83,0,1,25,191.3,95,32.52,250.7,136,21.31,249.4,86,11.22,17.6,5,4.75,2,376-5375,49.91,Moderate Risk
59,0,0,0,204.3,65,34.73,247.3,123,21.02,214.7,94,9.66,12.0,4,3.24,1,375-9671,49.83,Moderate Risk
160,0,0,0,166.8,109,28.36,236.0,117,20.06,307.6,77,13.84,9.3,1,2.51,1,387-3332,49.77,Moderate Risk
1,0,0,0,196.1,107,33.34,296.5,82,25.2,211.5,91,9.52,7.0,2,1.89,1,335-5591,49.76,Moderate Risk
129,0,0,0,157.0,113,26.69,256.9,97,21.84,185.5,126,8.35,12.1,2,3.27,2,379-7192,49.74,Moderate Risk
111,0,0,0,146.2,55,24.85,261.5,83,22.23,163.2,116,7.34,8.7,3,2.35,3,371-5556,49.6,Moderate Risk
83,1,1,32,94.7,111,16.1,154.4,98,13.12,200.4,109,9.02,10.6,6,2.86,2,345-5980,49.55,Moderate Risk
92,0,0,0,265.6,82,45.15,180.7,75,15.36,211.1,113,9.5,8.6,2,2.32,1,348-2916,49.4,Moderate Risk
138,0,0,0,230.1,107,39.12,212.0,120,18.02,174.9,119,7.87,13.2,4,3.56,1,354-4352,49.1,Moderate Risk
176,0,0,0,250.9,108,42.65,171.4,100,14.57,148.6,85,6.69,9.6,6,2.59,2,401-7654,49.02,Moderate Risk
97,0,0,0,120.8,96,20.54,169.8,101,14.43,194.1,63,8.73,11.9,3,3.21,4,346-7656,48.94,Moderate Risk
66,0,0,0,170.5,103,28.99,254.3,77,21.62,197.3,138,8.88,10.5,2,2.84,2,408-6305,48.63,Moderate Risk
52,0,0,0,204.4,97,34.75,273.2,128,23.22,179.6,118,8.08,11.0,5,2.97,1,383-6356,48.53,Moderate Risk
152,0,0,0,317.8,60,54.03,152.9,100,13.0,123.4,63,5.55,10.4,7,2.81,1,378-9542,48.49,Moderate Risk
74,0,0,0,124.0,102,21.08,262.1,101,22.28,268.2,98,12.07,11.7,2,3.16,2,392-6073,48.48,Moderate Risk
84,0,0,0,190.2,102,32.33,197.7,141,16.8,247.5,102,11.14,9.8,6,2.65,2,412-3898,48.36,Moderate Risk
95,0,1,39,260.8,130,44.34,213.4,111,18.14,195.6,97,8.8,10.1,5,2.73,1,340-4236,48.32,Moderate Risk
90,0,0,0,145.5,92,24.74,217.7,114,18.5,146.9,123,6.61,10.9,2,2.94,3,353-6870,48.12,Moderate Risk
99,0,0,0,222.4,102,37.81,185.8,89,15.79,237.7,81,10.7,12.0,8,3.24,2,347-8205,48.03,Moderate Risk
97,0,0,0,225.1,90,38.27,279.5,127,23.76,233.8,103,10.52,8.8,4,2.38,0,354-7397,47.91,Moderate Risk
108,0,0,0,246.2,102,41.85,202.4,134,17.2,180.1,95,8.1,9.4,5,2.54,1,402-9558,47.84,Moderate Risk
102,0,1,29,214.7,86,36.5,314.3,109,26.72,280.2,110,12.61,14.3,2,3.86,0,395-6913,47.78,Moderate Risk
94,0,0,0,157.9,105,26.84,155.0,101,13.18,189.6,84,8.53,8.0,5,2.16,4,402-1251,47.29,Moderate Risk
97,0,0,0,211.0,76,35.87,189.0,100,16.07,123.0,102,5.54,4.7,4,1.27,3,390-2891,47.16,Moderate Risk
96,0,1,21,247.6,95,42.09,256.3,150,21.79,158.6,72,7.14,10.8,6,2.92,2,365-2341,47.09,Moderate Risk
57,0,1,37,201.2,76,34.2,280.1,122,23.81,154.2,110,6.94,11.8,1,3.19,1,363-8424,46.9,Moderate Risk
55,0,1,45,130.5,114,22.19,208.4,94,17.71,141.6,114,6.37,11.0,5,2.97,4,364-7644,46.73,Moderate Risk
139,0,0,0,236.6,109,40.22,169.9,107,14.44,212.3,118,9.55,11.1,2,3.0,1,399-7268,46.39,Moderate Risk
83,0,0,0,227.9,78,38.74,207.5,115,17.64,211.7,100,9.53,12.1,5,3.27,1,342-9480,46.29,Moderate Risk
101,0,0,0,220.3,124,37.45,188.6,101,16.03,278.4,98,12.53,10.6,4,2.86,1,352-5081,46.24,Moderate Risk
106,0,1,37,223.5,104,38.0,235.1,99,19.98,140.1,90,6.3,10.6,5,2.86,2,419-3196,46.14,Moderate Risk
63,0,0,0,207.6,96,35.29,229.0,112,19.47,162.6,131,7.32,13.3,2,3.59,1,405-8753,46.08,Moderate Risk
134,0,0,0,177.2,91,30.12,228.7,105,19.44,194.3,113,8.74,8.9,3,2.4,2,398-8578,46.08,Moderate Risk
78,0,0,0,190.3,88,32.35,194.5,89,16.53,256.5,109,11.54,11.7,5,3.16,2,418-9385,46.04,Moderate Risk
138,0,0,0,127.1,102,21.61,247.7,106,21.05,207.7,75,9.35,5.0,3,1.35,3,350-6473,46.0,Moderate Risk
97,0,1,43,121.1,105,20.59,260.2,115,22.12,222.4,100,10.01,8.3,5,2.24,3,408-1242,45.99,Moderate Risk
69,0,1,27,268.8,78,45.7,246.6,89,20.96,271.9,102,12.24,16.4,3,4.43,0,342-8320,45.97,Moderate Risk
73,0,0,0,217.8,91,37.03,220.6,97,18.75,277.3,89,12.48,10.3,6,2.78,1,414-1496,45.88,Moderate Risk
81,0,0,0,198.4,93,33.73,210.9,108,17.93,193.3,71,8.7,10.4,6,2.81,2,369-2625,45.81,Moderate Risk
190,0,0,0,182.2,101,30.97,212.3,95,18.05,233.0,123,10.49,9.3,4,2.51,2,409-3353,45.77,Moderate Risk
122,0,1,29,195.4,83,33.22,268.2,93,22.8,168.0,95,7.56,8.4,6,2.27,3,371-3498,45.57,Moderate Risk
65,0,0,0,153.9,117,26.16,220.1,122,18.71,280.5,147,12.62,8.5,3,2.3,2,351-8955,45.5,Moderate Risk
70,0,0,0,147.1,105,25.01,200.0,135,17.0,234.9,65,10.57,12.5,9,3.38,3,376-9940,45.29,Moderate Risk
90,0,0,0,205.7,138,34.97,161.9,83,13.76,269.7,104,12.14,12.5,6,3.38,2,344-4478,45.08,Moderate Risk
73,0,0,0,254.8,85,43.32,143.4,80,12.19,153.9,102,6.93,15.0,7,4.05,2,355-9541,45.06,Moderate Risk
148,0,1,11,252.9,129,42.99,284.3,88,24.17,262.8,99,11.83,12.3,1,3.32,1,378-2940,44.91,Moderate Risk
41,0,0,0,202.9,97,34.49,153.8,104,13.07,113.5,92,5.11,9.0,3,2.43,3,409-4791,44.87,Moderate Risk
113,0,0,0,132.1,72,22.46,247.5,107,21.04,246.2,123,11.08,6.9,6,1.86,3,421-7270,44.75,Moderate Risk
44,0,0,0,288.8,86,49.1,175.9,87,14.95,215.4,106,9.69,9.5,2,2.57,0,358-7165,44.72,Moderate Risk
107,0,1,30,198.9,87,33.81,207.0,90,17.6,159.8,76,7.19,12.6,4,3.4,3,352-6282,44.59,Moderate Risk
168,0,0,0,163.4,134,27.78,240.1,87,20.41,164.0,147,7.38,11.6,2,3.13,2,333-5729,44.51,Moderate Risk
80,0,0,0,322.3,113,54.79,222.0,95,18.87,162.8,123,7.33,6.7,8,1.81,0,333-7631,44.24,Moderate Risk
158,0,0,0,158.0,106,26.86,292.5,114,24.86,241.1,89,10.85,9.1,4,2.46,1,360-6868,44.23,Moderate Risk
60,0,0,0,220.6,57,37.5,211.1,115,17.94,249.0,129,11.21,6.8,3,1.84,1,420-5645,44.12,Moderate Risk
124,0,0,0,254.3,113,43.23,78.9,104,6.71,153.2,69,6.89,11.8,2,3.19,2,370-5361,43.98,Moderate Risk
80,1,1,30,184.2,132,31.31,167.5,109,14.24,212.8,114,9.58,10.0,10,2.7,0,416-7866,43.86,Moderate Risk
130,0,0,0,207.1,70,35.21,200.1,115,17.01,194.2,100,8.74,12.4,2,3.35,1,384-1135,43.84,Moderate Risk
92,0,0,0,196.5,82,33.41,190.0,89,16.15,163.2,99,7.34,10.8,2,2.92,2,386-8536,43.78,Moderate Risk
102,0,0,0,186.8,92,31.76,173.7,123,14.76,250.9,131,11.29,9.7,4,2.62,2,402-9704,43.72,Moderate Risk
54,0,1,39,206.9,143,35.17,127.8,72,10.86,199.2,120,8.96,9.2,1,2.48,3,396-2867,43.67,Moderate Risk
70,0,0,0,134.7,96,22.9,235.9,90,20.05,260.2,113,11.71,7.6,6,2.05,3,369-4962,43.66,Moderate Risk
72,0,0,0,165.9,114,28.2,235.9,97,20.05,210.1,120,9.45,12.0,5,3.24,2,385-2564,43.6,Moderate Risk
94,0,0,0,245.0,112,41.65,180.4,91,15.33,262.9,105,11.83,9.7,6,2.62,1,360-5794,43.57,Moderate Risk
76,0,0,0,224.4,121,38.15,147.9,97,12.57,183.8,74,8.27,6.7,2,1.81,2,337-1506,43.33,Moderate Risk
83,0,0,0,208.9,71,35.51,214.8,92,18.26,247.9,108,11.16,13.0,5,3.51,1,386-6114,43.12,Moderate Risk
165,0,0,0,242.9,126,41.29,209.8,65,17.83,228.4,126,10.28,0.0,0,0.0,1,345-1998,43.09,Moderate Risk
89,0,0,0,179.7,128,30.55,299.8,92,25.48,185.3,120,8.34,7.6,3,2.05,1,388-8722,43.05,Moderate Risk
30,0,0,0,162.3,96,27.59,244.0,122,20.74,180.1,89,8.1,9.1,4,2.46,2,411-8043,43.01,Moderate Risk
115,0,0,0,200.2,92,34.03,244.9,107,20.82,190.9,96,8.59,8.8,3,2.38,1,417-7722,42.94,Moderate Risk
151,0,0,0,178.7,116,30.38,292.1,138,24.83,265.9,101,11.97,9.8,4,2.65,0,401-3926,42.88,Moderate Risk
127,0,0,0,218.6,93,37.16,149.9,130,12.74,204.6,131,9.21,9.2,5,2.48,2,343-9365,42.87,Moderate Risk
101,0,0,0,136.2,92,23.15,220.9,110,18.78,196.9,116,8.86,13.3,7,3.59,3,411-5334,42.87,Moderate Risk
83,0,0,0,178.8,102,30.4,167.9,84,14.27,178.9,65,8.05,8.6,4,2.32,3,395-6030,42.85,Moderate Risk
67,0,1,30,186.2,117,31.65,286.7,76,24.37,164.3,113,7.39,12.9,3,3.48,2,336-8010,42.74,Moderate Risk
157,0,0,0,168.6,71,28.66,205.1,48,17.43,175.8,88,7.91,5.9,2,1.59,3,361-5936,42.58,Moderate Risk
10,0,0,0,186.1,112,31.64,190.2,66,16.17,282.8,57,12.73,11.4,6,3.08,2,349-4396,42.47,Moderate Risk
70,0,0,0,222.8,114,37.88,215.9,113,18.35,223.5,122,10.06,0.0,0,0.0,1,369-9465,42.32,Moderate Risk
124,0,0,0,157.4,107,26.76,167.8,112,14.26,188.8,102,8.5,8.8,3,2.38,3,358-5274,42.32,Moderate Risk
92,0,1,38,242.2,96,41.17,159.7,144,13.57,210.0,108,9.45,8.9,1,2.4,1,371-7366,42.14,Moderate Risk
80,0,0,0,203.7,92,34.63,216.4,97,18.39,154.2,66,6.94,7.6,5,2.05,2,331-4807,42.11,Moderate Risk
130,0,1,26,257.2,108,43.72,224.3,122,19.07,204.0,118,9.18,12.6,4,3.4,1,402-5509,41.92,Moderate Risk
79,0,0,0,220.9,107,37.55,192.2,97,16.34,161.0,74,7.25,12.2,2,3.29,1,337-9569,41.88,Moderate Risk
81,0,0,0,175.5,67,29.84,249.3,85,21.19,270.2,98,12.16,10.2,3,2.75,1,363-5947,41.78,Moderate Risk
13,0,1,31,265.3,94,45.1,147.6,95,12.55,259.3,117,11.67,12.9,1,3.48,1,347-9421,41.72,Moderate Risk
28,0,0,0,159.7,79,27.15,216.7,131,18.42,206.7,116,9.3,9.3,3,2.51,2,347-1870,41.55,Moderate Risk
102,0,0,0,129.5,56,22.02,354.2,118,30.11,145.5,93,6.55,10.9,3,2.94,1,386-9774,41.52,Moderate Risk
76,0,0,0,204.0,69,34.68,225.1,110,19.13,240.3,85,10.81,9.6,5,2.59,1,407-8575,41.51,Moderate Risk
165,0,0,0,209.4,67,35.6,273.8,89,23.27,150.2,88,6.76,12.8,1,3.46,0,378-8567,41.45,Moderate Risk
89,0,0,0,141.1,92,23.99,249.1,126,21.17,136.0,73,6.12,10.8,2,2.92,2,382-4024,41.33,Moderate Risk
80,0,0,0,160.6,103,27.3,237.0,109,20.15,245.1,88,11.03,10.7,1,2.89,1,342-7514,41.26,Moderate Risk
90,0,0,0,157.9,72,26.84,234.0,93,19.89,210.0,86,9.45,12.2,5,3.29,2,406-1730,41.07,Moderate Risk
11,0,1,28,190.6,86,32.4,220.1,122,18.71,180.3,80,8.11,6.0,3,1.62,3,343-1323,40.82,Moderate Risk
95,0,0,0,203.4,96,34.58,168.6,61,14.33,173.0,105,7.79,13.7,3,3.7,2,395-6369,40.79,Moderate Risk
10,0,0,0,222.2,127,37.77,153.1,125,13.01,227.4,80,10.23,12.9,4,3.48,1,352-5697,40.37,Moderate Risk
50,0,1,22,252.9,112,42.99,177.9,99,15.12,158.4,146,7.13,8.5,4,2.3,3,360-2107,40.1,Moderate Risk
163,0,0,0,247.7,77,42.11,269.5,108,22.91,167.3,82,7.53,9.6,7,2.59,0,413-2241,40.06,Moderate Risk
177,0,0,0,189.5,99,32.22,176.3,117,14.99,225.9,112,10.17,14.2,2,3.83,1,384-9033,39.97,Moderate Risk
55,0,0,0,194.1,121,33.0,176.6,110,15.01,302.8,136,13.63,7.0,7,1.89,2,333-2611,39.95,Moderate Risk
21,0,0,0,225.0,110,38.25,244.2,111,20.76,221.2,93,9.95,10.7,4,2.89,0,408-3606,39.86,Moderate Risk
87,0,0,0,189.5,113,32.22,204.9,100,17.42,221.7,93,9.98,13.4,3,3.62,1,414-2606,39.82,Moderate Risk
120,0,0,0,185.7,133,31.57,235.1,149,19.98,256.4,78,11.54,16.9,6,4.56,0,412-3404,39.73,Moderate Risk
113,0,0,0,150.1,120,25.52,200.1,85,17.01,266.7,105,12.0,11.0,3,2.97,2,366-9211,39.71,Moderate Risk
105,0,0,0,102.8,74,17.48,281.7,125,23.94,228.1,113,10.26,13.2,5,3.56,2,373-2339,39.67,Moderate Risk
126,1,1,26,129.3,123,21.98,176.5,114,15.0,154.5,102,6.95,9.6,7,2.59,1,394-3048,39.64,Moderate Risk
153,0,0,0,122.5,145,20.83,273.3,103,23.23,197.8,71,8.9,8.0,3,2.16,2,407-2441,39.63,Moderate Risk
86,0,1,16,144.8,105,24.62,206.2,111,17.53,255.4,117,11.49,11.6,2,3.13,4,342-7716,39.55,Moderate Risk
149,0,0,0,187.6,83,31.89,201.4,81,17.12,264.2,79,11.89,8.8,1,2.38,1,353-4002,39.34,Moderate Risk
135,0,1,28,201.4,100,34.24,246.5,117,20.95,154.8,131,6.97,12.9,4,3.48,2,401-8735,39.32,Moderate Risk
123,0,0,0,194.0,118,32.98,242.0,114,20.57,146.3,108,6.58,12.1,4,3.27,1,419-9104,39.31,Moderate Risk
105,0,0,0,115.5,73,19.64,267.3,83,22.72,114.2,90,5.14,13.3,5,3.59,3,406-2032,39.22,Moderate Risk
73,0,1,47,173.7,117,29.53,204.0,114,17.34,174.6,94,7.86,6.3,3,1.7,2,356-1654,39.09,Moderate Risk
72,0,0,0,118.2,106,20.09,167.2,136,14.21,214.2,106,9.64,12.2,3,3.29,3,368-8026,38.98,Moderate Risk
146,0,0,0,169.5,93,28.82,230.9,71,19.63,269.8,115,12.14,9.0,7,2.43,2,358-3604,38.88,Moderate Risk
101,0,0,0,231.3,87,39.32,224.7,88,19.1,214.6,69,9.66,7.2,7,1.94,1,347-9968,38.68,Moderate Risk
127,0,0,0,239.8,107,40.77,128.9,121,10.96,249.9,110,11.25,11.3,5,3.05,1,363-6695,38.61,Moderate Risk
89,0,0,0,213.0,63,36.21,176.6,71,15.01,262.6,126,11.82,9.1,1,2.46,1,343-6940,38.56,Moderate Risk
41,0,1,34,194.4,63,33.05,254.9,110,21.67,160.2,115,7.21,17.2,9,4.64,2,369-6880,38.47,Moderate Risk
45,0,0,0,155.7,110,26.47,260.3,103,22.13,192.2,98,8.65,11.0,1,2.97,1,412-7606,38.33,Moderate Risk
6,0,0,0,183.6,117,31.21,256.7,72,21.82,178.6,79,8.04,10.2,2,2.75,1,350-9994,38.29,Moderate Risk
120,0,1,23,221.9,114,37.72,254.7,84,21.65,250.5,117,11.27,7.2,5,1.94,2,377-5441,38.21,Moderate Risk
90,0,0,0,214.9,97,36.53,117.8,117,10.01,133.7,78,6.02,11.8,2,3.19,2,335-9786,38.21,Moderate Risk
90,0,0,0,113.2,108,19.24,189.3,63,16.09,271.8,124,12.23,14.1,4,3.81,3,390-3401,38.17,Moderate Risk
126,0,0,0,211.6,70,35.97,216.9,80,18.44,153.5,60,6.91,7.8,1,2.11,1,338-9472,38.04,Moderate Risk
86,0,0,0,148.2,71,25.19,285.1,91,24.23,166.4,155,7.49,6.2,3,1.67,2,369-6308,37.99,Moderate Risk
93,0,1,42,166.9,101,28.37,273.2,84,23.22,171.0,106,7.69,11.5,1,3.11,1,360-7246,37.9,Moderate Risk
83,0,0,0,259.7,106,44.15,152.7,116,12.98,224.7,92,10.11,10.2,2,2.75,0,357-2294,37.89,Moderate Risk
91,0,0,0,134.7,116,22.9,295.3,98,25.1,195.5,121,8.8,6.6,5,1.78,2,345-2448,37.87,Moderate Risk
119,1,1,22,172.1,119,29.26,223.6,133,19.01,150.0,94,6.75,13.9,20,3.75,1,335-7324,37.79,Moderate Risk
67,0,0,0,152.5,131,25.93,252.4,107,21.45,185.4,104,8.34,4.9,3,1.32,2,373-8895,37.77,Moderate Risk
119,0,1,32,142.6,77,24.24,208.2,126,17.7,171.0,102,7.69,12.0,2,3.24,3,390-1612,37.68,Moderate Risk
91,0,1,31,273.0,78,46.41,215.5,98,18.32,104.7,114,4.71,9.6,2,2.59,1,332-8103,37.63,Moderate Risk
72,0,0,0,253.0,73,43.01,219.3,78,18.64,210.8,89,9.49,9.8,4,2.65,0,398-8385,37.51,Moderate Risk
43,0,0,0,241.9,101,41.12,129.4,121,11.0,264.8,104,11.92,5.9,3,1.59,1,330-2849,37.32,Moderate Risk
107,0,1,38,219.4,92,37.3,180.5,73,15.34,104.1,91,4.68,11.0,1,2.97,2,411-3095,37.31,Moderate Risk
113,0,0,0,187.6,97,31.89,208.2,118,17.7,158.9,101,7.15,8.7,6,2.35,2,370-2892,37.22,Moderate Risk
124,0,0,0,158.6,104,26.96,211.2,77,17.95,179.3,104,8.07,10.2,8,2.75,3,371-6990,37.1,Moderate Risk
147,0,0,0,212.8,79,36.18,204.1,91,17.35,156.2,113,7.03,10.2,2,2.75,1,396-2945,37.02,Moderate Risk
151,0,0,0,194.8,106,33.12,292.7,103,24.88,224.6,82,10.11,5.5,3,1.49,0,413-3177,36.96,Moderate Risk
129,0,1,30,177.3,95,30.14,211.8,102,18.0,240.2,108,10.81,9.3,7,2.51,3,409-9494,36.88,Moderate Risk
162,0,0,0,184.5,118,31.37,224.0,95,19.04,180.5,82,8.12,11.6,3,3.13,1,398-1959,36.69,Moderate Risk
59,0,0,0,166.3,95,28.27,239.3,87,20.34,123.2,108,5.54,10.0,3,2.7,2,398-4567,36.59,Moderate Risk
132,0,0,0,169.9,107,28.88,209.4,121,17.8,206.1,79,9.27,11.5,2,3.11,1,415-5008,36.5,Moderate Risk
95,0,0,0,184.2,95,31.31,181.6,101,15.44,143.4,113,6.45,12.8,4,3.46,2,367-8298,36.13,Moderate Risk
97,0,1,28,283.1,93,48.13,185.4,98,15.76,312.8,78,14.08,6.1,8,1.65,1,410-7553,36.01,Moderate Risk
75,0,1,39,198.2,107,33.69,280.4,132,23.83,129.6,73,5.83,11.3,7,3.05,1,367-9765,35.91,Moderate Risk
86,0,1,29,225.4,79,38.32,187.1,112,15.9,281.1,112,12.65,12.9,3,3.48,1,356-3448,35.86,Moderate Risk
94,0,0,0,194.1,62,33.0,227.2,54,19.31,190.4,115,8.57,15.3,4,4.13,1,367-9495,35.68,Moderate Risk
81,0,1,36,115.9,120,19.7,236.6,95,20.11,255.0,90,11.48,11.7,6,3.16,3,392-2722,35.55,Moderate Risk
61,0,1,31,288.7,101,49.08,203.8,102,17.32,203.2,49,9.14,8.6,3,2.32,0,383-8848,35.54,Moderate Risk
112,0,1,29,198.8,122,33.8,238.6,114,20.28,289.5,69,13.03,11.5,5,3.11,1,380-5667,35.52,Moderate Risk
106,0,0,0,178.4,143,30.33,247.0,123,21.0,259.9,105,11.7,9.6,2,2.59,0,384-6654,35.47,Moderate Risk
46,0,0,0,210.2,92,35.73,227.3,77,19.32,200.1,116,9.0,13.1,7,3.54,1,352-7072,35.31,Moderate Risk
107,0,0,0,206.9,79,35.17,262.4,117,22.3,149.3,69,6.72,10.7,3,2.89,0,368-5165,35.3,Moderate Risk
95,0,0,0,167.6,96,28.49,176.0,89,14.96,250.9,113,11.29,13.4,6,3.62,2,364-8774,35.24,Moderate Risk
154,0,1,32,192.3,82,32.69,165.3,134,14.05,205.0,74,9.23,9.0,1,2.43,2,389-2631,35.22,Moderate Risk
107,0,1,28,201.8,79,34.31,304.9,128,25.92,225.6,133,10.15,11.9,8,3.21,1,342-5062,35.09,Moderate Risk
147,0,0,0,168.6,92,28.66,187.7,107,15.95,216.5,95,9.74,14.4,8,3.89,2,354-8914,35.02,Moderate Risk
58,0,1,39,211.9,40,36.02,274.4,76,23.32,210.5,139,9.47,5.4,4,1.46,1,391-6558,34.93,Moderate Risk
192,0,1,36,156.2,77,26.55,215.5,126,18.32,279.1,83,12.56,9.9,6,2.67,2,414-4276,34.92,Moderate Risk
131,0,0,0,196.1,89,33.34,185.5,87,15.77,250.0,132,11.25,5.2,6,1.4,2,362-5044,34.92,Moderate Risk
125,0,0,0,229.3,103,38.98,177.4,126,15.08,189.3,95,8.52,12.0,8,3.24,1,355-7251,34.87,Moderate Risk
72,0,1,21,186.7,108,31.74,335.0,86,28.48,187.2,119,8.42,16.5,4,4.46,1,388-4879,34.87,Moderate Risk
67,0,0,0,138.9,65,23.61,208.9,109,17.76,232.4,82,10.46,9.2,3,2.48,2,330-7486,34.78,Moderate Risk
37,0,0,0,199.5,107,33.92,207.5,110,17.64,83.9,123,3.78,8.1,4,2.19,2,408-1513,34.76,Moderate Risk
103,0,0,0,129.3,103,21.98,202.8,89,17.24,233.0,126,10.49,12.9,2,3.48,2,412-1470,34.64,Moderate Risk
199,0,1,34,230.6,121,39.2,219.4,99,18.65,299.3,94,13.47,8.0,2,2.16,0,393-6733,34.62,Moderate Risk
100,0,0,0,278.0,76,47.26,176.7,74,15.02,219.5,126,9.88,8.3,4,2.24,0,385-8997,34.56,Moderate Risk
172,0,0,0,212.0,121,36.04,31.2,115,2.65,293.3,78,13.2,12.6,10,3.4,3,383-1121,34.51,Moderate Risk
158,0,0,0,220.9,129,37.55,242.2,108,20.59,233.3,75,10.5,6.4,5,1.73,0,365-5886,34.36,Moderate Risk
101,0,1,21,238.0,88,40.46,209.6,84,17.82,233.0,95,10.49,10.0,5,2.7,2,400-4244,34.27,Moderate Risk
113,0,0,0,193.8,99,32.95,221.4,125,18.82,172.3,67,7.75,10.6,6,2.86,1,395-5285,34.09,Moderate Risk
119,0,0,0,154.5,129,26.27,193.6,87,16.46,180.9,145,8.14,13.4,3,3.62,2,382-4952,34.02,Moderate Risk
64,0,0,0,168.0,116,28.56,192.4,94,16.35,166.5,98,7.49,10.1,3,2.73,2,382-8518,34.0,Moderate Risk
65,0,0,0,158.8,53,27.0,188.5,132,16.02,189.3,87,8.52,9.8,4,2.65,2,407-5056,33.95,Moderate Risk
77,0,0,0,144.9,136,24.63,151.3,115,12.86,252.4,73,11.36,12.3,3,3.32,2,367-1398,33.76,Moderate Risk
116,0,1,27,204.7,118,34.8,209.4,91,17.8,212.9,67,9.58,7.0,2,1.89,2,386-5684,33.72,Moderate Risk
88,0,0,0,152.9,119,25.99,171.2,107,14.55,257.0,106,11.57,12.0,5,3.24,2,348-7448,33.65,Moderate Risk
161,0,0,0,72.8,120,12.38,267.1,120,22.7,222.5,91,10.01,11.8,2,3.19,2,414-6426,33.63,Moderate Risk
38,0,0,0,117.3,114,19.94,208.7,105,17.74,203.4,98,9.15,14.4,2,3.89,2,386-2970,33.63,Moderate Risk
152,0,0,0,228.1,93,38.78,136.4,106,11.59,197.3,107,8.88,9.0,2,2.43,1,336-9273,33.48,Moderate Risk
93,0,1,31,237.2,85,40.32,213.1,100,18.11,192.7,87,8.67,10.7,4,2.89,1,368-3287,33.25,Moderate Risk
123,0,0,0,159.1,94,27.05,241.6,119,20.54,202.4,120,9.11,6.5,1,1.76,1,383-8364,33.19,Moderate Risk
160,0,0,0,176.2,90,29.95,196.0,115,16.66,263.9,95,11.88,9.2,4,2.48,1,333-3531,33.12,Moderate Risk
111,0,0,0,284.4,89,48.35,157.0,113,13.35,242.8,91,10.93,8.4,8,2.27,0,387-7371,33.11,Moderate Risk
95,0,0,0,174.0,57,29.58,281.1,118,23.89,197.2,94,8.87,9.7,2,2.62,0,365-7784,33.1,Moderate Risk
110,0,1,38,236.3,102,40.17,195.9,112,16.65,183.5,82,8.26,9.7,6,2.62,1,399-8845,33.0,Moderate Risk
95,0,0,0,149.2,96,25.36,260.7,116,22.16,201.0,120,9.05,8.1,2,2.19,1,401-7803,32.98,Moderate Risk
60,0,0,0,179.3,147,30.48,208.9,89,17.76,248.2,98,11.17,13.5,6,3.65,1,355-3801,32.92,Moderate Risk
147,0,0,0,209.4,104,35.6,132.5,78,11.26,149.4,123,6.72,11.3,3,3.05,2,400-2203,32.9,Moderate Risk
105,0,0,0,246.4,83,41.89,256.2,101,21.78,169.0,151,7.61,3.8,4,1.03,0,345-2108,32.81,Moderate Risk
57,0,1,30,179.2,105,30.46,283.2,83,24.07,228.1,77,10.26,14.7,5,3.97,1,403-6237,32.6,Moderate Risk
125,0,0,0,169.3,90,28.78,156.0,138,13.26,210.8,106,9.49,11.6,6,3.13,2,384-9243,32.54,Moderate Risk
81,0,0,0,153.5,99,26.1,197.6,102,16.8,198.5,86,8.93,6.3,2,1.7,2,408-3384,32.37,Moderate Risk
153,0,0,0,193.8,90,32.95,195.3,121,16.6,182.7,108,8.22,8.5,3,2.3,1,419-6133,32.25,Moderate Risk
92,0,0,0,181.4,98,30.84,164.5,98,13.98,171.0,110,7.69,10.9,4,2.94,2,386-2759,32.2,Moderate Risk
135,0,1,27,273.4,141,46.48,154.0,99,13.09,245.8,112,11.06,12.3,6,3.32,1,419-6033,32.08,Moderate Risk
101,0,0,0,183.9,115,31.26,255.9,101,21.75,275.0,145,12.38,10.8,11,2.92,1,361-9923,31.98,Moderate Risk
74,0,0,0,148.5,111,25.25,146.5,42,12.45,289.2,83,13.01,9.9,6,2.67,3,329-9046,31.91,Moderate Risk
91,1,1,24,93.5,112,15.9,183.4,128,15.59,240.7,133,10.83,9.9,3,2.67,0,387-9855,31.79,Moderate Risk
24,0,0,0,241.9,104,41.12,145.2,112,12.34,214.5,105,9.65,6.6,5,1.78,1,343-2077,31.42,Moderate Risk
86,0,0,0,216.3,96,36.77,266.3,77,22.64,214.0,110,9.63,4.5,3,1.22,0,357-7893,31.42,Moderate Risk
68,0,0,0,172.7,95,29.36,139.1,90,11.82,174.3,99,7.84,11.7,1,3.16,2,376-1000,31.34,Moderate Risk
140,0,0,0,129.6,79,22.03,246.2,99,20.93,172.1,124,7.74,9.4,10,2.54,3,359-2197,31.32,Moderate Risk
73,0,0,0,286.4,109,48.69,178.2,67,15.15,214.2,152,9.64,10.7,14,2.89,1,340-8323,31.26,Moderate Risk
51,0,1,28,276.7,121,47.04,203.7,99,17.31,246.2,88,11.08,8.3,3,2.24,0,378-6986,31.25,Moderate Risk
105,0,0,0,125.4,116,21.32,261.5,95,22.23,241.6,104,10.87,11.4,9,3.08,2,364-8128,31.23,Moderate Risk
67,0,0,0,129.0,78,21.93,188.0,116,15.98,235.0,102,10.58,11.2,3,3.02,2,366-4426,31.17,Moderate Risk
73,0,0,0,94.9,121,16.13,253.2,83,21.52,175.1,86,7.88,14.2,2,3.83,2,369-7295,31.04,Moderate Risk
98,0,0,0,126.3,102,21.47,166.8,85,14.18,187.8,135,8.45,9.4,2,2.54,3,372-9976,31.0,Moderate Risk
29,0,0,0,196.8,81,33.46,168.0,110,14.28,132.6,98,5.97,12.7,7,3.43,2,402-6666,30.89,Moderate Risk
50,0,0,0,154.7,102,26.3,298.0,108,25.33,210.2,95,9.46,11.1,3,3.0,0,339-4636,30.7,Moderate Risk
110,0,0,0,227.7,88,38.71,170.0,96,14.45,128.7,57,5.79,11.7,5,3.16,1,391-5516,30.69,Moderate Risk
137,0,0,0,215.9,76,36.7,145.4,118,12.36,186.9,129,8.41,12.1,4,3.27,1,365-1664,30.69,Moderate Risk
84,0,1,38,193.0,106,32.81,153.6,106,13.06,260.4,87,11.72,7.4,5,2.0,2,351-1894,30.58,Moderate Risk
85,0,0,0,144.4,88,24.55,264.6,105,22.49,185.4,94,8.34,9.9,3,2.67,1,405-9573,30.48,Moderate Risk
96,0,0,0,179.5,125,30.52,162.3,139,13.8,264.5,133,11.9,6.6,2,1.78,1,359-1441,30.43,Moderate Risk
68,0,0,0,226.7,94,38.54,168.4,129,14.31,188.7,117,8.49,10.2,1,2.75,0,370-1525,30.42,Moderate Risk
135,0,1,22,197.1,113,33.51,259.4,95,22.05,134.7,135,6.06,14.6,5,3.94,2,366-3944,30.26,Moderate Risk
125,0,0,0,140.1,132,23.82,209.6,126,17.82,264.1,77,11.88,8.0,2,2.16,1,379-8248,30.16,Moderate Risk
124,0,0,0,194.0,103,32.98,241.0,116,20.49,227.5,153,10.24,11.9,5,3.21,0,341-3349,30.04,Moderate Risk
141,0,1,22,215.4,123,36.62,328.7,98,27.94,160.5,89,7.22,7.8,6,2.11,1,369-6012,30.03,Moderate Risk
120,0,0,0,212.1,131,36.06,209.4,104,17.8,167.2,96,7.52,5.3,5,1.43,1,355-6291,29.94,Moderate Risk
122,0,0,0,243.8,98,41.45,83.9,72,7.13,179.8,84,8.09,13.7,8,3.7,2,344-3388,29.89,Moderate Risk
149,0,0,0,196.3,108,33.37,136.8,96,11.63,154.7,87,6.96,7.7,3,2.08,2,340-5930,29.69,Moderate Risk
179,0,0,0,170.7,54,29.02,191.1,108,16.24,214.6,107,9.66,13.3,4,3.59,1,418-9502,29.63,Moderate Risk
51,0,0,0,183.1,99,31.13,160.1,107,13.61,311.8,121,14.03,7.0,3,1.89,1,389-3206,29.55,Moderate Risk
141,0,1,28,206.9,126,35.17,264.4,126,22.47,171.8,124,7.73,9.3,11,2.51,2,351-9604,29.54,Moderate Risk
146,0,0,0,109.0,69,18.53,265.8,98,22.59,228.3,80,10.27,12.6,2,3.4,1,348-3581,29.52,Moderate Risk
185,0,1,29,151.1,121,25.69,244.7,88,20.8,154.4,91,6.95,13.8,2,3.73,2,422-4394,29.49,Moderate Risk
166,0,0,0,173.9,103,29.56,276.4,83,23.49,190.8,113,8.59,15.3,5,4.13,0,366-9074,29.47,Moderate Risk
129,0,0,0,150.0,98,25.5,232.4,101,19.75,261.2,123,11.75,12.5,6,3.38,1,420-3028,29.43,Moderate Risk
74,0,0,0,177.4,136,30.16,240.3,104,20.43,237.3,133,10.68,12.0,3,3.24,0,363-7979,29.42,Moderate Risk
105,0,1,20,186.9,114,31.77,256.3,91,21.79,334.7,104,15.06,8.9,2,2.4,1,381-4076,29.37,Moderate Risk
116,0,0,0,197.9,84,33.64,168.1,113,14.29,239.8,145,10.79,12.0,6,3.24,1,408-6266,29.23,Moderate Risk
16,0,0,0,144.8,84,24.62,164.9,141,14.02,231.5,75,10.42,8.2,4,2.21,2,367-9259,29.13,Moderate Risk
17,0,0,0,161.5,123,27.46,214.2,81,18.21,315.0,106,14.18,8.6,5,2.32,1,396-9656,29.04,Moderate Risk
16,1,0,0,110.0,91,18.7,147.3,75,12.52,190.5,73,8.57,6.4,7,1.73,0,342-2013,28.97,Moderate Risk
54,0,0,0,134.3,73,22.83,155.5,100,13.22,102.1,68,4.59,14.7,4,3.97,3,418-6412,28.92,Moderate Risk
25,0,0,0,134.3,98,22.83,202.3,109,17.2,195.9,100,8.82,12.6,5,3.4,2,359-7694,28.88,Moderate Risk
70,0,0,0,129.9,102,22.08,208.7,133,17.74,231.4,93,10.41,14.3,3,3.86,1,400-7809,28.8,Moderate Risk
76,0,0,0,165.7,94,28.17,257.4,80,21.88,170.8,114,7.69,10.0,4,2.7,1,421-8141,28.78,Moderate Risk
119,0,0,0,81.9,75,13.92,253.8,114,21.57,213.1,125,9.59,8.9,1,2.4,2,361-2349,28.73,Moderate Risk
89,0,1,32,209.9,113,35.68,249.8,104,21.23,224.2,92,10.09,8.7,7,2.35,1,414-6219,28.7,Moderate Risk
119,0,0,0,222.8,122,37.88,163.2,107,13.87,160.6,112,7.23,11.2,6,3.02,1,411-7649,28.68,Moderate Risk
125,0,0,0,143.2,80,24.34,88.1,94,7.49,233.2,135,10.49,8.8,7,2.38,4,366-5829,28.68,Moderate Risk
51,0,0,0,181.5,108,30.86,196.9,87,16.74,187.2,119,8.42,10.3,2,2.78,1,406-2454,28.62,Moderate Risk
90,0,1,42,193.3,66,32.86,263.3,85,22.38,214.4,97,9.65,11.1,4,3.0,0,383-2251,28.5,Moderate Risk
78,0,0,0,152.9,81,25.99,256.6,82,21.81,173.6,112,7.81,5.3,6,1.43,2,362-2353,28.48,Moderate Risk
100,0,0,0,247.8,117,42.13,130.0,95,11.05,134.3,125,6.04,6.9,2,1.86,1,367-4277,28.24,Moderate Risk
150,0,0,0,146.3,133,24.87,202.7,95,17.23,234.7,103,10.56,13.1,3,3.54,1,335-2331,28.16,Moderate Risk
162,0,0,0,115.1,89,19.57,196.8,111,16.73,212.4,98,9.56,11.4,3,3.08,2,380-6571,28.12,Moderate Risk
30,0,0,0,227.4,88,38.66,182.5,100,15.51,191.7,134,8.63,12.5,3,3.38,0,391-6607,28.05,Moderate Risk
85,0,0,0,126.1,112,21.44,274.7,126,23.35,184.4,95,8.3,9.8,4,2.65,1,367-8924,27.98,Moderate Risk
51,0,0,0,180.5,88,30.69,134.7,102,11.45,170.7,97,7.68,10.0,3,2.7,2,397-9251,27.95,Moderate Risk
36,0,0,0,178.6,83,30.36,213.1,103,18.11,198.0,119,8.91,10.9,5,2.94,1,368-8835,27.81,Moderate Risk
103,0,1,37,153.5,78,26.1,241.9,108,20.56,244.7,110,11.01,10.6,3,2.86,1,420-7066,27.53,Moderate Risk
63,0,0,0,180.5,126,30.69,230.0,98,19.55,232.5,73,10.46,10.6,3,2.86,0,371-1187,27.5,Moderate Risk
19,0,0,0,201.5,123,34.26,129.2,110,10.98,220.6,98,9.93,12.9,4,3.48,1,404-5597,27.43,Moderate Risk
121,0,0,0,134.1,112,22.8,195.1,104,16.58,159.6,139,7.18,10.5,2,2.84,2,357-7064,27.42,Moderate Risk
93,0,0,0,179.3,93,30.48,188.8,65,16.05,253.2,88,11.39,12.1,5,3.27,1,411-1045,27.38,Moderate Risk
117,0,1,31,104.9,115,17.83,237.6,125,20.2,263.4,104,11.85,7.7,6,2.08,3,394-2553,27.37,Moderate Risk
59,0,1,32,211.9,120,36.02,202.9,136,17.25,213.5,95,9.61,8.8,5,2.38,1,386-3796,27.36,Moderate Risk
122,0,1,33,174.9,103,29.73,248.2,105,21.1,164.6,116,7.41,13.5,3,3.65,1,370-9755,27.3,Moderate Risk
105,0,0,0,213.4,100,36.28,204.9,52,17.42,179.7,93,8.09,9.5,6,2.57,1,357-2679,27.23,Moderate Risk
59,0,0,0,151.8,98,25.81,209.9,92,17.84,266.9,86,12.01,11.9,5,3.21,1,357-5801,27.21,Moderate Risk
148,0,1,33,241.7,84,41.09,165.8,84,14.09,160.6,80,7.23,11.3,3,3.05,1,347-9995,27.18,Moderate Risk
122,0,0,0,119.3,93,20.28,223.9,103,19.03,211.9,122,9.54,8.7,4,2.35,2,357-7385,27.16,Moderate Risk
114,0,0,0,155.3,75,26.4,169.9,87,14.44,207.0,133,9.32,12.6,5,3.4,2,417-4266,27.16,Moderate Risk
68,0,0,0,158.8,119,27.0,211.8,105,18.0,198.1,101,8.91,10.3,3,2.78,1,396-6390,27.06,Moderate Risk
90,0,0,0,246.4,83,41.89,160.3,88,13.63,170.9,99,7.69,7.6,7,2.05,1,359-9992,27.06,Moderate Risk
97,0,0,0,146.0,121,24.82,203.0,141,17.26,151.8,120,6.83,13.3,2,3.59,1,417-2774,27.06,Moderate Risk
70,0,0,0,177.4,125,30.16,226.2,104,19.23,254.1,72,11.43,10.9,4,2.94,0,366-2536,27.06,Moderate Risk
74,0,0,0,165.3,120,28.1,198.5,106,16.87,208.5,102,9.38,9.8,3,2.65,1,416-5341,27.01,Moderate Risk
130,0,0,0,252.0,101,42.84,170.2,105,14.47,209.2,64,9.41,5.7,5,1.54,0,385-6175,26.86,Moderate Risk
105,0,1,33,209.6,68,35.63,146.9,140,12.49,121.0,131,5.44,10.6,3,2.86,2,402-9982,26.86,Moderate Risk
76,0,0,0,198.3,130,33.71,217.1,86,18.45,188.4,96,8.48,12.5,3,3.38,0,330-9833,26.79,Moderate Risk
92,0,1,31,172.3,116,29.29,266.2,91,22.63,228.2,90,10.27,11.8,5,3.19,1,405-4606,26.74,Moderate Risk
174,0,0,0,192.1,97,32.66,169.9,94,14.44,166.6,54,7.5,11.4,4,3.08,1,359-5893,26.62,Moderate Risk
177,0,0,0,175.7,120,29.87,168.6,90,14.33,198.9,110,8.95,14.6,4,3.94,1,380-9063,26.47,Moderate Risk
57,0,1,33,193.4,105,32.88,231.6,79,19.69,226.2,90,10.18,11.1,11,3.0,2,369-8576,26.38,Moderate Risk
22,0,0,0,207.7,116,35.31,210.6,99,17.9,238.2,88,10.72,9.6,5,2.59,0,345-2401,26.33,Moderate Risk
120,0,0,0,221.3,106,37.62,267.6,98,22.75,111.5,80,5.02,9.3,7,2.51,0,401-4052,26.23,Moderate Risk
63,0,0,0,211.7,107,35.99,271.7,77,23.09,203.3,108,9.15,7.4,7,2.0,0,342-5243,26.19,Moderate Risk
95,0,0,0,175.2,91,29.78,244.4,109,20.77,75.8,95,3.41,7.5,2,2.03,1,378-8019,26.19,Moderate Risk
100,0,0,0,166.0,102,28.22,236.1,97,20.07,134.3,93,6.04,10.9,4,2.94,1,381-3735,26.18,Moderate Risk
121,0,0,0,213.2,79,36.24,120.7,116,10.26,244.4,102,11.0,7.5,4,2.03,1,334-4354,26.15,Moderate Risk
75,0,1,42,248.9,93,42.31,170.8,108,14.52,104.5,91,4.7,11.2,8,3.02,1,327-6989,26.15,Moderate Risk
130,0,0,0,212.8,102,36.18,189.8,137,16.13,170.1,105,7.65,10.6,4,2.86,0,396-4410,25.95,Moderate Risk
19,0,1,34,156.6,97,26.62,224.2,97,19.06,260.9,135,11.74,11.3,1,3.05,1,409-3520,25.94,Moderate Risk
99,0,0,0,241.1,72,40.99,155.6,98,13.23,188.2,109,8.47,11.6,10,3.13,1,411-2284,25.91,Moderate Risk
119,0,1,27,220.1,128,37.42,268.2,133,22.8,146.5,80,6.59,11.1,3,3.0,0,385-7922,25.91,Moderate Risk
93,0,0,0,98.4,78,16.73,249.6,129,21.22,248.2,114,11.17,14.2,4,3.83,1,406-5584,25.76,Moderate Risk
87,0,0,0,205.2,106,34.88,99.5,122,8.46,189.5,75,8.53,13.4,3,3.62,1,386-8118,25.72,Moderate Risk
69,0,0,0,153.7,109,26.13,194.0,105,16.49,256.1,114,11.52,14.1,6,3.81,1,387-2698,25.67,Moderate Risk
130,0,0,0,213.1,105,36.23,206.2,108,17.53,163.4,93,7.35,8.9,3,2.4,0,373-3549,25.59,Moderate Risk
88,0,0,0,181.5,116,30.86,187.0,119,15.9,220.3,96,9.91,10.5,7,2.84,1,332-3617,25.58,Moderate Risk
118,0,1,23,289.5,52,49.22,166.6,111,14.16,119.1,88,5.36,9.5,4,2.57,1,408-6496,25.5,Moderate Risk
122,0,0,0,173.6,110,29.51,91.7,84,7.79,211.7,103,9.53,9.7,7,2.62,3,352-6833,25.45,Moderate Risk
146,0,1,23,149.6,96,25.43,239.8,124,20.38,293.5,135,13.21,7.4,4,2.0,2,380-3329,25.42,Moderate Risk
202,0,0,0,115.4,137,19.62,178.7,70,15.19,185.7,113,8.36,6.0,3,1.62,3,351-2589,25.37,Moderate Risk
111,0,1,24,205.5,114,34.94,219.3,99,18.64,215.9,95,9.72,14.0,4,3.78,1,377-1479,25.32,Moderate Risk
85,0,1,27,196.4,139,33.39,280.9,90,23.88,89.3,75,4.02,13.8,4,3.73,1,350-8884,25.31,Moderate Risk
105,0,0,0,146.4,81,24.89,225.1,80,19.13,230.1,117,10.35,8.5,2,2.3,1,376-7043,25.28,Moderate Risk
65,0,0,0,192.0,89,32.64,139.5,88,11.86,187.4,102,8.43,5.5,4,1.49,2,369-8871,25.22,Moderate Risk
128,0,0,0,179.4,94,30.5,270.4,92,22.98,191.0,88,8.59,7.9,4,2.13,0,422-3052,25.13,Moderate Risk
78,0,0,0,75.0,116,12.75,248.7,87,21.14,176.0,83,7.92,9.5,6,2.57,3,345-3451,25.1,Moderate Risk
72,0,0,0,179.9,113,30.58,149.8,112,12.73,168.2,79,7.57,9.8,7,2.65,2,383-9448,25.09,Moderate Risk
46,0,0,0,156.4,105,26.59,185.5,98,15.77,226.7,96,10.2,11.8,3,3.19,1,351-6574,25.07,Moderate Risk
78,0,0,0,155.0,106,26.35,175.3,101,14.9,155.6,125,7.0,11.8,5,3.19,2,411-7390,24.99,Low Risk
148,0,1,38,209.2,110,35.56,116.6,73,9.91,109.6,105,4.93,16.5,4,4.46,2,404-1002,24.88,Low Risk
86,0,1,23,225.5,107,38.34,246.3,105,20.94,245.7,81,11.06,9.8,2,2.65,0,339-2616,24.88,Low Risk
33,0,1,29,157.4,99,26.76,117.9,80,10.02,279.2,79,12.56,13.9,11,3.75,4,380-2558,24.81,Low Risk
110,0,0,0,131.9,93,22.42,272.7,106,23.18,192.8,105,8.68,7.1,4,1.92,1,345-8350,24.71,Low Risk
123,0,1,27,198.7,127,33.78,249.0,105,21.17,173.2,124,7.79,12.5,5,3.38,1,393-3635,24.59,Low Risk
74,0,0,0,172.1,105,29.26,211.7,99,17.99,182.2,105,8.2,11.6,6,3.13,1,421-2955,24.52,Low Risk
183,0,0,0,116.7,92,19.84,213.8,112,18.17,214.3,112,9.64,9.7,6,2.62,2,330-3429,24.51,Low Risk
129,0,1,36,192.8,103,32.78,177.0,83,15.05,216.5,118,9.74,16.4,5,4.43,1,331-5999,24.46,Low Risk
131,0,0,0,131.6,95,22.37,179.3,109,15.24,251.2,129,11.3,15.5,3,4.19,1,333-9002,24.42,Low Risk
138,0,0,0,240.8,104,40.94,144.5,92,12.28,125.7,98,5.66,11.6,1,3.13,0,344-6334,24.35,Low Risk
87,0,0,0,240.0,83,40.8,134.1,106,11.4,189.1,84,8.51,9.3,2,2.51,0,402-3908,24.29,Low Risk
117,0,0,0,143.3,103,24.36,211.3,108,17.96,185.2,96,8.33,11.5,3,3.11,1,340-3182,24.12,Low Risk
137,0,0,0,104.7,115,17.8,249.8,144,21.23,192.3,99,8.65,8.9,2,2.4,1,350-4367,24.1,Low Risk
101,0,0,0,190.7,72,32.42,208.6,103,17.73,203.8,111,9.17,8.8,8,2.38,1,350-2832,24.08,Low Risk
113,0,0,0,128.7,100,21.88,227.1,67,19.3,178.1,135,8.01,9.2,4,2.48,2,403-9719,24.05,Low Risk
96,0,1,26,175.8,96,29.89,206.6,84,17.56,178.0,105,8.01,11.1,2,3.0,2,345-3734,24.02,Low Risk
108,0,0,0,169.6,99,28.83,264.1,87,22.45,206.3,78,9.28,9.3,4,2.51,0,365-8779,24.02,Low Risk
66,0,0,0,167.3,91,28.44,230.0,68,19.55,191.7,118,8.63,10.6,5,2.86,1,402-5155,23.94,Low Risk
104,0,0,0,183.6,133,31.21,120.7,98,10.26,215.1,112,9.68,12.7,2,3.43,1,366-3917,23.92,Low Risk
140,0,0,0,149.8,134,25.47,164.4,98,13.97,294.7,124,13.26,8.1,2,2.19,1,393-4086,23.91,Low Risk
100,0,0,0,216.2,107,36.75,215.6,84,18.33,138.4,127,6.23,10.2,3,2.75,0,397-6255,23.74,Low Risk
28,0,0,0,187.8,94,31.93,248.6,86,21.13,208.8,124,9.4,10.6,5,2.86,0,392-6856,23.69,Low Risk
136,0,1,21,179.4,88,30.5,181.1,97,15.39,320.7,120,14.43,9.5,4,2.57,2,416-5261,23.62,Low Risk
189,0,0,0,219.9,80,37.38,143.3,117,12.18,130.6,69,5.88,11.7,7,3.16,1,363-2407,23.62,Low Risk
90,0,0,0,125.4,158,21.32,269.1,83,22.87,238.6,103,10.74,11.0,7,2.97,1,400-8069,23.54,Low Risk
87,0,1,39,82.6,113,14.04,224.4,63,19.07,163.6,88,7.36,9.5,1,2.57,3,331-8484,23.45,Low Risk
84,0,1,42,214.3,112,36.43,188.2,107,16.0,333.5,117,15.01,11.3,10,3.05,0,403-5552,23.34,Low Risk
157,0,1,28,192.6,107,32.74,195.5,74,16.62,109.7,139,4.94,6.8,5,1.84,3,381-4756,23.28,Low Risk
120,0,0,0,137.3,100,23.34,212.2,129,18.04,152.7,92,6.87,10.5,2,2.84,1,413-5306,23.23,Low Risk
64,0,0,0,145.5,116,24.74,228.4,110,19.41,273.4,91,12.3,8.9,8,2.4,1,349-2157,23.07,Low Risk
92,0,0,0,139.8,98,23.77,174.9,143,14.87,201.6,135,9.07,9.4,7,2.54,2,336-9901,22.91,Low Risk
125,0,0,0,203.4,110,34.58,128.7,97,10.94,190.5,113,8.57,11.0,4,2.97,1,365-3562,22.9,Low Risk
75,0,0,0,190.5,91,32.39,178.4,75,15.16,162.4,113,7.31,13.1,5,3.54,1,387-8201,22.86,Low Risk
71,0,1,39,183.2,103,31.14,209.4,111,17.8,172.4,109,7.76,11.9,6,3.21,1,376-7207,22.77,Low Risk
107,0,0,0,146.9,94,24.97,114.3,111,9.72,114.5,97,5.15,11.4,5,3.08,3,327-6087,22.73,Low Risk
107,0,1,22,281.1,83,47.79,143.7,130,12.21,239.4,128,10.77,11.2,9,3.02,1,344-9943,22.68,Low Risk
118,0,0,0,136.1,120,23.14,204.2,103,17.36,228.2,90,10.27,11.3,4,3.05,1,332-4289,22.67,Low Risk
74,0,0,0,162.7,102,27.66,292.0,105,24.82,183.3,80,8.25,8.7,6,2.35,0,335-9066,22.55,Low Risk
141,0,1,23,149.7,112,25.45,162.5,118,13.81,220.3,115,9.91,7.6,2,2.05,3,403-8904,22.5,Low Risk
66,0,0,0,146.4,107,24.89,196.5,99,16.7,230.1,106,10.35,7.8,2,2.11,1,410-1190,22.48,Low Risk
149,0,0,0,237.6,79,40.39,192.4,107,16.35,207.4,111,9.33,9.1,9,2.46,0,408-4323,22.28,Low Risk
116,0,1,19,155.7,104,26.47,185.4,118,15.76,192.7,116,8.67,8.2,2,2.21,3,338-7527,22.27,Low Risk
132,0,0,0,222.4,85,37.81,165.4,76,14.06,208.4,97,9.38,11.2,4,3.02,0,350-9318,22.19,Low Risk
128,0,0,0,125.2,99,21.28,205.4,107,17.46,254.4,111,11.45,18.9,2,5.1,0,359-5890,22.0,Low Risk
68,0,1,24,176.0,118,29.92,277.9,116,23.62,174.7,71,7.86,14.7,7,3.97,1,360-7076,21.99,Low Risk
55,0,0,0,132.0,103,22.44,279.6,114,23.77,180.0,74,8.1,13.5,4,3.65,0,338-6556,21.96,Low Risk
145,0,1,24,147.5,90,25.08,175.7,108,14.93,252.1,102,11.34,15.6,3,4.21,2,412-1194,21.96,Low Risk
134,0,0,0,178.0,110,30.26,153.8,64,13.07,236.6,105,10.65,11.7,4,3.16,1,352-2998,21.94,Low Risk
65,0,0,0,187.9,116,31.94,157.6,117,13.4,227.3,86,10.23,7.5,6,2.03,1,336-7600,21.88,Low Risk
24,0,0,0,149.0,73,25.33,131.0,81,11.14,238.6,69,10.74,8.6,3,2.32,2,369-3626,21.83,Low Risk
43,0,0,0,159.5,99,27.12,119.7,149,10.17,173.9,126,7.83,6.8,3,1.84,2,358-3691,21.68,Low Risk
73,0,0,0,175.4,130,29.82,248.1,105,21.09,122.4,85,5.51,12.2,4,3.29,0,328-1522,21.48,Low Risk
185,0,1,31,189.8,126,32.27,163.3,133,13.88,264.8,126,11.92,7.5,3,2.03,1,366-5699,21.33,Low Risk
124,0,0,0,151.0,98,25.67,120.6,119,10.25,152.8,81,6.88,9.2,2,2.48,2,386-8432,21.31,Low Risk
125,0,0,0,206.0,128,35.02,198.1,71,16.84,135.9,116,6.12,13.2,3,3.56,0,381-7597,21.19,Low Risk
88,0,0,0,144.3,116,24.53,156.4,74,13.29,214.7,90,9.66,7.8,10,2.11,3,344-6258,21.15,Low Risk
99,0,0,0,128.3,78,21.81,215.3,120,18.3,143.7,140,6.47,14.3,9,3.86,2,352-4401,21.12,Low Risk
155,0,0,0,203.4,100,34.58,190.9,104,16.23,196.0,119,8.82,8.9,4,2.4,0,334-1275,21.04,Low Risk
114,0,0,0,169.2,96,28.76,149.9,83,12.74,196.9,119,8.86,4.6,4,1.24,2,356-8982,21.04,Low Risk
58,0,0,0,165.4,100,28.12,115.7,87,9.83,193.8,118,8.72,12.8,5,3.46,2,389-9120,21.01,Low Risk
224,0,0,0,111.4,133,18.94,175.0,66,14.88,217.2,106,9.77,5.5,6,1.49,3,360-8919,20.99,Low Risk
50,0,0,0,157.1,90,26.71,223.3,72,18.98,181.4,111,8.16,6.1,2,1.65,1,350-8921,20.91,Low Risk
72,0,0,0,137.6,106,23.39,143.5,94,12.2,273.7,110,12.32,9.6,6,2.59,2,368-5758,20.86,Low Risk
164,0,1,27,159.7,102,27.15,168.8,113,14.35,244.1,127,10.98,9.6,9,2.59,3,347-1263,20.86,Low Risk
70,0,0,0,152.8,145,25.98,183.6,102,15.61,151.8,75,6.83,10.5,2,2.84,1,345-8397,20.83,Low Risk
141,0,1,39,116.9,127,19.87,276.5,88,23.5,289.9,125,13.05,12.3,2,3.32,0,354-7718,20.83,Low Risk
117,0,0,0,97.1,98,16.51,228.0,131,19.38,240.0,111,10.8,10.6,3,2.86,1,363-4779,20.77,Low Risk
44,0,0,0,204.6,117,34.78,205.2,94,17.44,164.6,84,7.41,10.7,5,2.89,0,356-4146,20.57,Low Risk
82,0,0,0,197.7,101,33.61,127.6,83,10.85,142.1,103,6.39,13.5,3,3.65,1,353-5557,20.52,Low Risk
179,0,0,0,219.2,92,37.26,149.4,125,12.7,244.7,104,11.01,6.1,5,1.65,0,415-2393,20.35,Low Risk
31,0,1,28,171.8,116,29.21,240.7,125,20.46,245.5,80,11.05,10.6,7,2.86,1,401-7335,20.34,Low Risk
176,0,1,23,283.2,130,48.14,162.6,74,13.82,177.7,104,8.0,7.2,6,1.94,1,418-2402,20.28,Low Risk
137,0,0,0,243.4,114,41.38,121.2,110,10.3,162.6,104,7.32,12.2,5,3.29,0,358-1921,20.24,Low Risk
125,0,0,0,224.9,102,38.23,143.8,87,12.22,198.9,105,8.95,8.0,2,2.16,0,405-1821,20.23,Low Risk
71,0,0,0,141.2,132,24.0,149.1,90,12.67,171.4,72,7.71,7.0,2,1.89,2,355-1735,20.17,Low Risk
90,0,0,0,167.5,96,28.48,139.1,104,11.82,138.4,87,6.23,13.0,1,3.51,1,347-6164,20.08,Low Risk
94,0,0,0,177.1,112,30.11,194.0,112,16.49,146.7,108,6.6,5.9,4,1.59,1,355-6930,20.0,Low Risk
16,0,0,0,209.5,89,35.62,172.8,85,14.69,94.1,102,4.23,8.8,4,2.38,1,403-9417,19.98,Low Risk
32,0,0,0,171.2,82,29.1,185.6,102,15.78,203.3,64,9.15,10.2,7,2.75,1,422-5865,19.95,Low Risk
104,0,0,0,138.7,100,23.58,215.4,58,18.31,164.3,98,7.39,4.9,4,1.32,2,365-6022,19.92,Low Risk
35,0,0,0,158.6,67,26.96,130.4,96,11.08,229.8,80,10.34,6.9,5,1.86,2,337-1802,19.86,Low Risk
51,0,0,0,214.8,94,36.52,149.7,58,12.72,283.4,66,12.75,10.2,5,2.75,0,348-1359,19.71,Low Risk
100,0,1,33,218.7,104,37.18,155.0,144,13.18,99.0,117,4.46,12.1,4,3.27,1,364-2166,19.68,Low Risk
135,0,0,0,173.4,107,29.48,222.0,84,18.87,64.2,94,2.89,13.7,6,3.7,1,351-7807,19.68,Low Risk
153,0,0,0,195.4,107,33.22,154.6,96,13.14,142.8,97,6.43,11.6,6,3.13,1,394-9121,19.67,Low Risk
67,0,1,30,129.6,107,22.03,233.0,104,19.81,297.0,93,13.37,14.5,5,3.92,1,393-4843,19.61,Low Risk
161,0,0,0,151.6,117,25.77,219.4,87,18.65,224.7,68,10.11,4.0,5,1.08,1,378-8137,19.51,Low Risk
108,0,1,35,215.9,106,36.7,200.6,107,17.05,195.4,107,8.79,15.5,7,4.19,0,399-8615,19.47,Low Risk
102,0,0,0,103.1,70,17.53,275.0,129,23.38,141.1,92,6.35,11.2,5,3.02,1,345-9018,19.37,Low Risk
98,0,0,0,216.8,86,36.86,190.8,114,16.22,187.5,79,8.44,11.0,9,2.97,0,338-7886,19.08,Low Risk
84,0,0,0,146.8,133,24.96,171.7,73,14.59,234.5,69,10.55,9.9,3,2.67,1,369-1220,19.08,Low Risk
137,0,0,0,155.5,81,26.44,133.1,94,11.31,253.1,77,11.39,9.1,2,2.46,1,382-1227,19.05,Low Risk
110,0,0,0,74.5,117,12.67,200.8,98,17.07,192.2,101,8.65,9.8,7,2.65,3,366-5780,19.04,Low Risk
185,0,0,0,55.6,97,9.45,288.7,83,24.54,111.2,110,5.0,12.1,3,3.27,2,417-5034,18.95,Low Risk
87,0,0,0,171.6,119,29.17,205.0,107,17.43,170.6,114,7.68,13.8,4,3.73,0,347-3958,18.94,Low Risk
148,0,0,0,86.3,134,14.67,246.6,92,20.96,251.6,91,11.32,11.3,4,3.05,1,394-3791,18.9,Low Risk
149,0,1,20,198.9,77,33.81,274.0,88,23.29,190.7,76,8.58,14.3,9,3.86,1,328-7209,18.86,Low Risk
93,0,0,0,179.5,121,30.52,191.9,131,16.31,165.5,125,7.45,12.0,4,3.24,0,371-2155,18.82,Low Risk
116,0,1,24,183.6,138,31.21,203.8,90,17.32,166.9,89,7.51,6.0,3,1.62,2,369-2214,18.82,Low Risk
86,0,1,30,99.9,84,16.98,263.5,125,22.4,254.7,90,11.46,9.8,7,2.65,2,383-4322,18.77,Low Risk
55,0,1,8,222.5,104,37.83,171.5,94,14.58,377.5,114,16.99,9.7,2,2.62,1,331-7342,18.77,Low Risk
42,0,0,0,241.2,134,41.0,116.5,114,9.9,152.2,91,6.85,10.6,4,2.86,0,364-6801,18.75,Low Risk
56,0,0,0,91.1,90,15.49,179.3,115,15.24,300.7,89,13.53,11.9,8,3.21,2,349-2654,18.72,Low Risk
147,0,0,0,155.1,117,26.37,239.7,93,20.37,208.8,133,9.4,10.6,4,2.86,0,396-5800,18.7,Low Risk
121,0,1,30,198.4,129,33.73,75.3,77,6.4,181.2,77,8.15,5.8,3,1.57,3,370-7574,18.29,Low Risk
107,0,1,26,161.6,123,27.47,195.5,103,16.62,254.4,103,11.45,13.7,3,3.7,1,371-7191,18.15,Low Risk
93,0,0,0,146.3,85,24.87,216.6,95,18.41,233.0,82,10.49,11.5,3,3.11,0,405-3533,18.11,Low Risk
167,0,0,0,207.6,88,35.29,132.4,63,11.25,255.2,98,11.48,14.1,5,3.81,0,335-5882,18.08,Low Risk
48,0,0,0,240.0,88,40.8,141.0,117,11.99,128.9,137,5.8,7.1,9,1.92,1,407-2718,18.0,Low Risk
58,0,1,30,178.1,111,30.28,236.7,109,20.12,264.0,118,11.88,8.4,2,2.27,0,359-2740,17.96,Low Risk
114,0,0,0,189.8,101,32.27,147.7,80,12.55,172.7,121,7.77,10.6,5,2.86,1,393-3274,17.92,Low Risk
95,0,0,0,197.0,88,33.49,190.4,68,16.18,211.9,104,9.54,16.1,8,4.35,0,366-7331,17.91,Low Risk
138,0,1,29,190.1,87,32.32,223.2,123,18.97,256.2,130,11.53,14.2,6,3.83,0,408-1340,17.88,Low Risk
104,0,0,0,118.5,92,20.15,177.8,109,15.11,255.7,98,11.51,12.1,4,3.27,1,389-7620,17.87,Low Risk
89,0,1,35,174.4,108,29.65,196.7,100,16.72,127.4,74,5.73,11.8,3,3.19,1,374-5224,17.86,Low Risk
15,0,0,0,135.2,101,22.98,152.5,79,12.96,224.8,83,10.12,8.4,5,2.27,2,417-9814,17.83,Low Risk
116,0,1,35,118.0,103,20.06,167.2,106,14.21,205.7,102,9.26,11.8,2,3.19,2,341-7279,17.82,Low Risk
40,0,1,41,148.1,74,25.18,169.5,88,14.41,214.1,102,9.63,6.2,5,1.67,2,352-8305,17.74,Low Risk
161,0,0,0,178.1,109,30.28,146.5,86,12.45,137.6,78,6.19,8.5,2,2.3,1,362-4685,17.62,Low Risk
85,0,0,0,96.7,97,16.44,193.8,95,16.47,171.7,88,7.73,9.7,3,2.62,2,380-3974,17.6,Low Risk
84,0,0,0,181.5,129,30.86,130.7,112,11.11,186.5,118,8.39,8.5,4,2.3,1,378-1303,17.41,Low Risk
75,0,0,0,143.2,92,24.34,209.1,142,17.77,173.0,96,7.79,11.9,9,3.21,1,379-7779,17.19,Low Risk
1,0,1,30,183.1,95,31.13,232.6,110,19.77,248.3,110,11.17,8.4,2,2.27,0,420-6780,17.15,Low Risk
74,0,0,0,187.7,127,31.91,163.4,148,13.89,196.0,94,8.82,9.1,5,2.46,0,344-9403,17.08,Low Risk
86,0,0,0,150.5,92,25.59,120.3,95,10.23,271.2,96,12.2,9.0,2,2.43,1,387-6498,16.98,Low Risk
124,0,0,0,167.4,119,28.46,233.2,143,19.82,109.6,115,4.93,10.3,5,2.78,0,396-6775,16.98,Low Risk
76,0,1,26,214.6,110,36.48,205.2,87,17.44,134.6,140,6.06,8.1,2,2.19,1,412-4185,16.98,Low Risk
64,0,1,27,182.1,91,30.96,169.7,98,14.42,164.7,86,7.41,10.6,5,2.86,2,394-2445,16.98,Low Risk
196,0,0,0,133.1,80,22.63,206.5,120,17.55,221.6,96,9.97,10.3,8,2.78,1,340-8291,16.96,Low Risk
87,0,1,33,125.0,99,21.25,235.3,81,20.0,215.3,95,9.69,10.2,7,2.75,2,330-1627,16.88,Low Risk
118,0,0,0,154.8,71,26.32,244.0,73,20.74,159.6,81,7.18,12.8,4,3.46,0,404-2877,16.85,Low Risk
79,0,1,31,103.1,90,17.53,243.0,135,20.66,76.4,92,3.44,12.2,8,3.29,3,391-7661,16.8,Low Risk
168,0,1,22,175.9,70,29.9,211.7,105,17.99,174.5,81,7.85,7.3,5,1.97,2,369-6204,16.76,Low Risk
58,0,1,29,240.4,80,40.87,118.9,91,10.11,164.2,108,7.39,11.2,3,3.02,1,387-9301,16.76,Low Risk
41,0,1,41,207.3,95,35.24,137.3,120,11.67,115.7,74,5.21,5.9,3,1.59,1,415-6110,16.7,Low Risk
128,0,1,40,171.2,88,29.1,145.7,109,12.38,196.8,93,8.86,14.0,6,3.78,1,350-8680,16.64,Low Risk
96,0,1,31,183.4,126,31.18,195.5,106,16.62,180.1,93,8.1,10.5,5,2.84,1,341-4103,16.63,Low Risk
63,0,0,0,164.5,75,27.97,147.9,118,12.57,252.7,97,11.37,11.2,2,3.02,0,374-6217,16.62,Low Risk
56,0,0,0,121.6,84,20.67,165.3,115,14.05,243.9,95,10.98,8.9,2,2.4,1,408-4865,16.51,Low Risk
60,0,0,0,135.4,134,23.02,205.9,85,17.5,204.0,103,9.18,7.9,4,2.13,1,334-2729,16.5,Low Risk
141,0,0,0,185.1,126,31.47,233.0,98,19.81,152.2,106,6.85,9.1,7,2.46,0,364-5362,16.32,Low Risk
88,0,0,0,65.4,97,11.12,168.2,76,14.3,236.0,113,10.62,13.8,1,3.73,2,338-8050,16.24,Low Risk
88,0,0,0,181.9,90,30.92,151.5,87,12.88,143.0,100,6.44,7.5,3,2.03,1,352-5393,16.12,Low Risk
112,0,0,0,170.5,113,28.99,193.2,129,16.42,188.0,91,8.46,11.2,6,3.02,0,360-8135,16.08,Low Risk
108,0,0,0,103.0,129,17.51,242.3,103,20.6,170.2,89,7.66,7.9,3,2.13,1,330-5462,16.08,Low Risk
102,0,1,31,125.3,92,21.3,141.2,108,12.0,168.2,68,7.57,6.3,2,1.7,3,392-1734,16.05,Low Risk
13,0,0,0,146.4,74,24.89,148.5,92,12.62,216.7,96,9.75,11.3,3,3.05,1,334-6142,15.99,Low Risk
78,0,1,21,160.6,85,27.3,223.1,79,18.96,124.0,92,5.58,9.5,1,2.57,2,403-8915,15.91,Low Risk
121,0,0,0,86.1,100,14.64,259.8,113,22.08,148.0,79,6.66,9.1,9,2.46,2,348-8464,15.9,Low Risk
55,0,0,0,189.0,100,32.13,118.5,99,10.07,248.1,87,11.16,17.1,6,4.62,0,362-1146,15.89,Low Risk
125,0,0,0,113.0,108,19.21,169.2,107,14.38,156.6,61,7.05,9.2,5,2.48,2,410-3159,15.89,Low Risk
68,0,1,29,239.5,82,40.72,203.8,105,17.32,167.8,70,7.55,9.9,6,2.67,0,349-4762,15.87,Low Risk
118,0,0,0,113.0,80,19.21,150.1,87,12.76,204.3,115,9.19,10.8,4,2.92,2,422-2571,15.86,Low Risk
30,0,1,30,217.4,74,36.96,213.8,86,18.17,227.2,104,10.22,6.6,3,1.78,0,349-4703,15.83,Low Risk
42,0,0,0,196.5,89,33.41,241.3,123,20.51,143.2,105,6.44,4.0,7,1.08,0,337-7163,15.8,Low Risk
76,0,1,33,189.7,66,32.25,212.8,65,18.09,165.7,108,7.46,10.0,5,2.7,1,356-2992,15.78,Low Risk
34,0,1,14,151.5,100,25.76,248.7,126,21.14,199.8,120,8.99,10.7,5,2.89,2,372-4203,15.66,Low Risk
98,0,0,0,171.7,99,29.19,174.8,87,14.86,189.6,130,8.53,7.8,6,2.11,1,403-4917,15.65,Low Risk
120,0,0,0,131.7,99,22.39,163.1,109,13.86,201.1,116,9.05,10.7,3,2.89,1,421-3226,15.6,Low Risk
82,0,0,0,199.3,112,33.88,193.4,120,16.44,254.4,117,11.45,7.0,10,1.89,0,394-9220,15.59,Low Risk
73,0,0,0,160.1,110,27.22,213.3,72,18.13,174.1,72,7.83,13.0,4,3.51,0,370-3450,15.53,Low Risk
81,0,1,31,210.4,100,35.77,225.5,97,19.17,168.7,120,7.59,9.7,4,2.62,0,375-3658,15.49,Low Risk
84,0,1,41,153.9,102,26.16,140.7,117,11.96,217.7,101,9.8,12.8,5,3.46,1,419-9713,15.43,Low Risk
143,0,0,0,155.5,101,26.44,213.4,89,18.14,237.9,61,10.71,7.6,11,2.05,1,393-5284,15.42,Low Risk
131,0,0,0,94.4,80,16.05,215.1,101,18.28,179.7,108,8.09,13.1,9,3.54,2,388-9944,15.39,Low Risk
71,0,0,0,243.7,124,41.43,60.0,90,5.1,189.0,129,8.5,11.3,2,3.05,0,409-7034,15.36,Low Risk
101,0,0,0,124.8,66,21.22,257.2,85,21.86,193.2,115,8.69,13.4,4,3.62,0,342-8702,15.34,Low Risk
134,0,0,0,183.8,111,31.25,123.5,92,10.5,160.7,105,7.23,6.1,2,1.65,1,382-9447,15.32,Low Risk
193,0,0,0,170.9,124,29.05,132.3,95,11.25,112.9,89,5.08,11.6,3,3.13,1,329-4391,15.26,Low Risk
3,0,1,36,118.1,117,20.08,221.5,125,18.83,103.9,89,4.68,11.9,6,3.21,2,401-6162,15.24,Low Risk
152,0,0,0,161.4,84,27.44,163.6,88,13.91,153.2,121,6.89,11.8,5,3.19,1,337-4403,15.17,Low Risk
101,0,1,42,209.2,82,35.56,159.7,74,13.57,181.6,100,8.17,9.5,3,2.57,0,332-9118,15.16,Low Risk
61,0,1,20,254.4,133,43.25,161.7,96,13.74,251.4,91,11.31,10.5,4,2.84,0,399-4094,15.14,Low Risk
131,0,0,0,175.1,73,29.77,171.9,116,14.61,131.1,94,5.9,7.3,6,1.97,1,416-8394,15.12,Low Risk
73,0,0,0,157.1,109,26.71,268.8,83,22.85,181.5,91,8.17,10.0,8,2.7,0,419-4894,15.07,Low Risk
83,0,0,0,134.8,96,22.92,167.2,78,14.21,161.5,123,7.27,7.7,5,2.08,2,338-4472,15.05,Low Risk
123,0,0,0,114.4,91,19.45,216.6,123,18.41,250.6,102,11.28,11.0,3,2.97,0,381-4562,14.96,Low Risk
21,0,0,0,91.9,109,15.62,198.4,111,16.86,171.7,125,7.73,13.0,7,3.51,2,332-5582,14.95,Low Risk
79,0,0,0,205.7,123,34.97,214.5,108,18.23,226.1,106,10.17,6.7,18,1.81,1,363-3515,14.93,Low Risk
39,0,0,0,187.2,110,31.82,114.7,116,9.75,104.7,83,4.71,13.2,5,3.56,1,364-8731,14.85,Low Risk
164,0,0,0,123.3,78,20.96,170.0,85,14.45,165.9,78,7.47,12.7,2,3.43,1,375-1746,14.82,Low Risk
162,0,1,26,179.7,144,30.55,218.1,129,18.54,212.3,105,9.55,9.3,8,2.51,1,340-1876,14.82,Low Risk
132,0,1,25,113.2,96,19.24,269.9,107,22.94,229.1,87,10.31,7.1,7,1.92,2,343-5372,14.67,Low Risk
156,0,0,0,150.5,106,25.59,152.9,112,13.0,215.9,86,9.72,3.5,3,0.95,1,364-6445,14.63,Low Risk
54,0,1,33,112.0,90,19.04,208.0,112,17.68,150.3,83,6.76,11.3,4,3.05,2,353-2450,14.62,Low Risk
7,0,1,30,221.4,114,37.64,165.8,116,14.09,247.0,105,11.12,10.8,12,2.92,1,355-8299,14.6,Low Risk
183,0,1,31,171.2,104,29.1,193.6,74,16.46,196.5,85,8.84,10.2,4,2.75,1,372-2990,14.51,Low Risk
61,0,1,25,163.7,78,27.83,113.2,112,9.62,134.1,118,6.03,9.9,3,2.67,3,335-9726,14.47,Low Risk
104,0,1,26,189.1,112,32.15,178.2,97,15.15,199.3,104,8.97,11.1,4,3.0,1,391-1793,14.47,Low Risk
38,0,0,0,131.2,98,22.3,162.9,97,13.85,159.0,106,7.15,8.2,6,2.21,2,359-4081,14.4,Low Risk
31,0,0,0,166.1,105,28.24,79.3,93,6.74,213.7,98,9.62,12.7,2,3.43,1,371-7917,14.38,Low Risk
114,0,1,25,129.0,77,21.93,290.0,110,24.65,177.1,110,7.97,11.6,5,3.13,1,386-3823,14.25,Low Risk
75,0,1,26,118.5,86,20.15,213.9,118,18.18,132.6,99,5.97,13.4,3,3.62,2,394-8504,14.15,Low Risk
3,0,1,27,67.4,116,11.46,244.0,78,20.74,281.1,93,12.65,11.4,2,3.08,2,344-2416,14.11,Low Risk
75,0,1,27,117.5,102,19.98,206.8,127,17.58,194.4,114,8.75,4.2,7,1.13,3,372-2296,13.99,Low Risk
62,0,0,0,147.1,91,25.01,190.4,107,16.18,195.2,115,8.78,12.2,3,3.29,0,409-2111,13.94,Low Risk
117,0,1,20,205.7,98,34.97,136.1,107,11.57,159.4,147,7.17,8.7,3,2.35,2,341-3663,13.91,Low Risk
121,0,1,26,170.4,91,28.97,254.5,90,21.63,219.6,122,9.88,15.1,5,4.08,0,338-1815,13.87,Low Risk
115,0,0,0,99.7,107,16.95,145.1,96,12.33,149.4,99,6.72,14.1,4,3.81,2,380-5102,13.78,Low Risk
93,0,1,32,138.1,91,23.48,167.3,72,14.22,238.9,115,10.75,6.8,3,1.84,2,408-5183,13.77,Low Risk
107,0,0,0,90.7,90,15.42,207.5,109,17.64,169.4,96,7.62,5.6,5,1.51,2,345-2476,13.71,Low Risk
105,0,1,21,147.0,112,24.99,197.3,43,16.77,267.4,93,12.03,8.7,3,2.35,2,354-4448,13.59,Low Risk
90,0,0,0,142.4,126,24.21,126.2,118,10.73,274.2,71,12.34,4.6,4,1.24,1,421-5994,13.58,Low Risk
106,0,0,0,52.2,106,8.87,220.1,113,18.71,112.3,95,5.05,11.4,2,3.08,2,330-4914,13.54,Low Risk
52,0,1,31,142.1,77,24.16,193.0,97,16.41,253.4,88,11.4,11.0,4,2.97,1,327-9289,13.5,Low Risk
52,0,1,38,169.3,88,28.78,225.9,97,19.2,172.0,86,7.74,8.2,3,2.21,0,412-9357,13.48,Low Risk
193,0,0,0,96.8,92,16.46,142.6,103,12.12,210.1,115,9.45,10.9,5,2.94,2,411-4714,13.4,Low Risk
119,0,0,0,124.3,68,21.13,207.1,88,17.6,157.4,93,7.08,14.8,1,4.0,0,368-6174,13.37,Low Risk
84,0,1,30,106.5,65,18.11,225.7,108,19.18,188.6,61,8.49,5.7,3,1.54,2,409-5749,13.34,Low Risk
76,0,1,22,160.1,107,27.22,168.7,136,14.34,23.2,102,1.04,9.5,4,2.57,3,366-9781,13.33,Low Risk
65,0,1,23,224.2,106,38.11,189.6,100,16.12,222.8,75,10.03,9.8,4,2.65,0,382-9138,13.32,Low Risk
86,0,0,0,70.7,125,12.02,211.0,113,17.94,174.6,107,7.86,0.0,0,0.0,2,387-2041,13.28,Low Risk
158,0,0,0,205.2,97,34.88,240.6,77,20.45,79.7,108,3.59,14.4,12,3.89,0,362-2314,13.15,Low Risk
86,0,0,0,83.5,96,14.2,221.1,63,18.79,349.7,75,15.74,12.6,3,3.4,0,385-3111,12.96,Low Risk
129,0,0,0,101.4,145,17.24,249.1,116,21.17,157.6,107,7.09,7.1,6,1.92,1,352-4534,12.95,Low Risk
109,0,0,0,162.6,138,27.64,154.0,109,13.09,209.7,118,9.44,11.5,4,3.11,0,414-7410,12.83,Low Risk
62,0,0,0,128.7,111,21.88,169.5,104,14.41,193.6,97,8.71,10.3,5,2.78,1,382-8274,12.83,Low Risk
91,0,0,0,133.7,75,22.73,195.3,87,16.6,280.5,89,12.62,5.9,2,1.59,0,337-6898,12.8,Low Risk
95,0,0,0,190.2,119,32.33,157.1,70,13.35,181.5,120,8.17,14.0,6,3.78,0,333-7225,12.79,Low Risk
121,0,1,35,193.8,62,32.95,197.6,97,16.8,218.8,95,9.85,5.9,4,1.59,0,346-6352,12.66,Low Risk
73,0,1,31,194.4,104,33.05,176.0,84,14.96,230.1,110,10.35,11.5,3,3.11,0,414-5786,12.65,Low Risk
79,0,0,0,177.9,83,30.24,167.3,84,14.22,223.7,142,10.07,15.2,8,4.1,0,383-8807,12.59,Low Risk
200,0,0,0,128.2,87,21.79,133.2,105,11.32,177.6,123,7.99,11.2,2,3.02,1,408-2119,12.41,Low Risk
82,0,0,0,154.0,107,26.18,94.4,114,8.02,287.6,95,12.94,10.1,7,2.73,1,406-8037,12.37,Low Risk
127,0,1,36,183.2,117,31.14,126.8,76,10.78,263.3,71,11.85,11.2,8,3.02,1,345-8237,12.33,Low Risk
85,0,1,17,89.8,88,15.27,233.2,75,19.82,165.7,116,7.46,9.3,7,2.51,4,372-4868,12.33,Low Risk
73,0,0,0,214.2,90,36.41,196.8,78,16.73,157.9,112,7.11,5.9,8,1.59,0,402-7626,12.32,Low Risk
90,0,0,0,37.8,80,6.43,155.3,105,13.2,175.0,111,7.88,14.2,5,3.83,3,334-4438,12.28,Low Risk
80,0,0,0,113.2,86,19.24,185.5,97,15.77,237.3,145,10.68,9.5,5,2.57,1,375-4900,12.25,Low Risk
143,0,0,0,209.1,127,35.55,106.1,80,9.02,179.6,90,8.08,14.0,6,3.78,0,350-9228,12.18,Low Risk
130,0,0,0,124.3,70,21.13,270.7,99,23.01,239.5,83,10.78,3.5,6,0.95,0,406-7726,12.18,Low Risk
59,0,0,0,189.7,100,32.25,115.9,133,9.85,220.6,115,9.93,7.4,4,2.0,0,362-9391,12.15,Low Risk
110,0,0,0,162.0,81,27.54,247.5,89,21.04,155.5,99,7.0,8.9,8,2.4,0,358-1778,12.1,Low Risk
130,0,1,30,185.0,117,31.45,249.5,141,21.21,157.8,103,7.1,7.4,7,2.0,0,360-9005,11.86,Low Risk
73,0,0,0,254.7,80,43.3,90.2,79,7.67,153.4,60,6.9,10.6,8,2.86,0,341-1412,11.79,Low Risk
121,0,1,34,245.0,95,41.65,216.9,66,18.44,112.4,125,5.06,7.5,8,2.03,0,382-5743,11.66,Low Risk
60,0,0,0,207.8,109,35.33,123.5,112,10.5,291.6,115,13.12,5.7,9,1.54,0,366-9430,11.59,Low Risk
67,0,0,0,201.4,101,34.24,97.6,122,8.3,202.5,119,9.11,7.0,3,1.89,0,383-1431,11.51,Low Risk
83,0,0,0,132.4,120,22.51,121.6,101,10.34,197.7,84,8.9,8.6,2,2.32,1,379-3012,11.44,Low Risk
120,0,1,31,153.5,83,26.1,219.1,96,18.62,237.4,76,10.68,11.4,4,3.08,0,348-3444,11.4,Low Risk
103,0,0,0,189.8,110,32.27,115.5,83,9.82,191.3,103,8.61,12.2,4,3.29,0,368-5647,11.36,Low Risk
101,0,1,28,105.9,132,18.0,231.7,107,19.69,281.3,120,12.66,10.7,5,2.89,1,379-4583,11.34,Low Risk
137,0,0,0,144.0,90,24.48,181.6,100,15.44,128.1,93,5.76,12.3,2,3.32,0,328-2110,11.22,Low Risk
74,0,0,0,155.7,116,26.47,173.7,63,14.76,257.4,97,11.58,8.1,4,2.19,0,331-9293,11.17,Low Risk
113,0,1,30,183.8,102,31.25,183.4,123,15.59,235.0,52,10.58,11.6,7,3.13,0,336-9053,11.15,Low Risk
119,0,1,19,178.1,110,30.28,212.8,100,18.09,226.3,123,10.18,10.0,6,2.7,1,359-3833,11.12,Low Risk
151,0,1,26,196.5,98,33.41,175.8,111,14.94,221.8,124,9.98,13.4,5,3.62,0,352-8249,11.05,Low Risk
116,0,0,0,51.1,106,8.69,208.6,137,17.73,198.0,92,8.91,12.3,3,3.32,1,371-1139,10.98,Low Risk
129,0,0,0,54.7,131,9.3,256.1,105,21.77,176.6,135,7.95,11.1,4,3.0,1,347-5113,10.98,Low Risk
51,0,0,0,169.3,111,28.78,139.5,69,11.86,197.0,87,8.87,12.0,3,3.24,0,401-4844,10.96,Low Risk
35,0,0,0,124.2,102,21.11,123.9,115,10.53,135.7,100,6.11,13.1,8,3.54,2,349-7291,10.95,Low Risk
142,0,0,0,84.8,95,14.42,136.7,63,11.62,250.5,148,11.27,14.2,6,3.83,2,416-8428,10.93,Low Risk
34,0,0,0,193.7,74,32.93,126.9,84,10.79,221.2,166,9.95,8.8,4,2.38,0,361-6814,10.72,Low Risk
82,0,1,29,163.8,77,27.85,134.9,112,11.47,79.3,95,3.57,8.8,2,2.38,2,362-9983,10.7,Low Risk
106,0,0,0,158.7,74,26.98,64.3,139,5.47,198.5,103,8.93,10.2,4,2.75,1,422-1471,10.68,Low Risk
120,0,1,24,227.5,81,38.68,234.9,71,19.97,166.4,128,7.49,9.0,13,2.43,1,381-8422,10.68,Low Risk
132,0,0,0,83.4,110,14.18,232.2,137,19.74,146.7,114,6.6,7.6,5,2.05,1,369-3214,10.62,Low Risk
52,0,1,24,170.9,71,29.05,201.4,80,17.12,159.0,124,7.15,4.1,5,1.11,2,356-5244,10.6,Low Risk
42,0,0,0,92.2,108,15.67,211.2,120,17.95,129.1,73,5.81,13.1,6,3.54,1,363-2193,10.58,Low Risk
90,0,1,39,94.8,89,16.12,219.1,91,18.62,197.4,65,8.88,11.4,5,3.08,1,368-3931,10.46,Low Risk
76,0,0,0,169.5,77,28.82,124.0,87,10.54,219.4,92,9.87,10.0,3,2.7,0,410-9477,10.3,Low Risk
164,0,1,25,219.1,88,37.25,151.5,99,12.88,50.1,60,2.25,14.3,6,3.86,1,400-3497,10.29,Low Risk
83,0,1,36,95.9,87,16.3,261.6,105,22.24,228.6,109,10.29,13.3,4,3.59,0,366-2541,10.25,Low Risk
141,0,1,32,148.6,91,25.26,131.1,97,11.14,219.4,142,9.87,10.1,1,2.73,1,371-4306,10.24,Low Risk
78,0,0,0,147.1,80,25.01,199.7,100,16.97,160.7,106,7.23,13.7,7,3.7,0,399-6259,10.21,Low Risk
118,0,0,0,140.4,112,23.87,187.1,60,15.9,207.9,155,9.36,7.9,1,2.13,0,335-3320,10.14,Low Risk
1,0,1,26,208.0,115,35.36,185.0,113,15.73,177.7,144,8.0,8.1,9,2.19,1,331-2144,10.14,Low Risk
126,0,0,0,175.4,120,29.82,98.3,71,8.36,201.9,93,9.09,10.6,1,2.86,0,375-1721,10.12,Low Risk
40,0,0,0,109.4,107,18.6,244.7,102,20.8,276.9,123,12.46,7.1,7,1.92,0,367-9257,10.1,Low Risk
116,0,0,0,129.4,84,22.0,157.3,89,13.37,215.5,77,9.7,13.3,3,3.59,0,408-4911,10.05,Low Risk
84,0,0,0,86.0,83,14.62,260.7,86,22.16,98.6,109,4.44,8.9,4,2.4,1,354-4752,9.98,Low Risk
143,0,1,33,141.4,130,24.04,186.4,114,15.84,210.0,111,9.45,7.7,6,2.08,1,354-6183,9.94,Low Risk
84,0,0,0,138.6,102,23.56,199.0,93,16.92,204.1,137,9.18,7.8,4,2.11,0,339-7139,9.79,Low Risk
94,0,1,28,233.2,88,39.64,113.3,102,9.63,118.0,71,5.31,16.1,4,4.35,0,375-8505,9.77,Low Risk
92,0,1,16,184.0,99,31.28,76.4,134,6.49,185.1,96,8.33,12.7,3,3.43,2,335-7257,9.51,Low Risk
70,0,0,0,126.3,99,21.47,141.6,106,12.04,255.9,96,11.52,9.6,2,2.59,0,395-4757,9.49,Low Risk
144,0,0,0,61.6,117,10.47,77.1,85,6.55,173.0,99,7.79,8.2,7,2.21,4,360-1171,9.45,Low Risk
102,0,1,25,137.4,100,23.36,176.7,83,15.02,188.2,93,8.47,10.2,6,2.75,2,421-6694,9.42,Low Risk
67,0,0,0,109.1,117,18.55,217.4,124,18.48,188.4,141,8.48,12.8,6,3.46,0,369-4377,9.39,Low Risk
119,0,1,26,161.3,97,27.42,250.3,110,21.28,142.4,92,6.41,6.6,8,1.78,1,380-6631,9.34,Low Risk
105,0,1,15,88.1,125,14.98,175.9,142,14.95,269.9,85,12.15,9.7,1,2.62,2,349-4070,9.32,Low Risk
81,0,0,0,145.4,132,24.72,129.3,91,10.99,186.4,109,8.39,5.2,4,1.4,1,395-5783,9.18,Low Risk
102,0,0,0,158.0,94,26.86,207.9,100,17.67,190.4,120,8.57,10.1,10,2.73,0,334-1339,9.14,Low Risk
117,0,1,13,207.6,65,35.29,152.7,77,12.98,232.8,95,10.48,9.7,3,2.62,1,370-5042,9.12,Low Risk
151,0,0,0,170.2,89,28.93,187.5,83,15.94,119.5,100,5.38,4.3,3,1.16,0,394-8861,9.0,Low Risk
42,0,0,0,146.3,84,24.87,255.9,113,21.75,45.0,117,2.03,8.0,12,2.16,1,357-7060,8.95,Low Risk
117,0,1,23,198.1,86,33.68,177.0,86,15.05,180.5,92,8.12,6.8,6,1.84,1,385-7688,8.88,Low Risk
179,0,0,0,116.1,101,19.74,201.8,99,17.15,181.9,103,8.19,11.6,5,3.13,0,348-2150,8.82,Low Risk
97,0,1,28,202.3,97,34.39,69.2,84,5.88,257.6,64,11.59,6.7,3,1.81,1,415-2285,8.79,Low Risk
106,0,0,0,128.6,83,21.86,134.0,114,11.39,210.6,113,9.48,11.4,2,3.08,0,419-3167,8.7,Low Risk
13,0,0,0,58.4,121,9.93,262.2,64,22.29,159.0,115,7.15,11.9,5,3.21,1,388-9653,8.64,Low Risk
80,0,0,0,101.1,121,17.19,263.2,110,22.37,137.7,74,6.2,7.3,5,1.97,0,400-5389,8.62,Low Risk
87,0,0,0,186.9,79,31.77,182.6,105,15.52,143.1,90,6.44,4.2,14,1.13,1,337-2986,8.57,Low Risk
132,0,1,15,154.6,128,26.28,245.6,106,20.88,148.6,90,6.69,9.1,4,2.46,1,405-3335,8.57,Low Risk
56,0,1,24,121.7,87,20.69,184.0,76,15.64,266.6,98,12.0,12.7,3,3.43,1,389-5988,8.44,Low Risk
46,0,0,0,122.2,67,20.77,167.2,62,14.21,194.8,98,8.77,9.7,6,2.62,1,414-5177,8.4,Low Risk
64,0,1,22,200.4,80,34.07,131.1,84,11.14,230.7,67,10.38,7.6,5,2.05,1,357-2748,8.34,Low Risk
125,0,1,23,120.5,104,20.49,227.8,115,19.36,158.5,100,7.13,10.2,3,2.75,1,386-8690,8.33,Low Risk
155,0,1,30,61.6,103,10.47,255.1,110,21.68,225.9,96,10.17,12.4,5,3.35,1,367-6136,8.19,Low Risk
64,0,1,37,154.6,92,26.28,83.4,103,7.09,165.9,99,7.47,13.3,3,3.59,1,349-6567,8.15,Low Risk
86,0,1,38,123.0,158,20.91,133.9,119,11.38,138.2,103,6.22,13.3,4,3.59,1,332-2258,8.11,Low Risk
78,0,0,0,87.7,74,14.91,214.8,58,18.26,201.3,147,9.06,10.8,6,2.92,1,358-5721,8.1,Low Risk
122,0,0,0,35.1,62,5.97,180.8,89,15.37,251.6,58,11.32,12.7,2,3.43,1,361-5225,8.08,Low Risk
121,0,1,21,126.3,84,21.47,209.6,102,17.82,192.5,129,8.66,10.6,2,2.86,1,344-2260,7.98,Low Risk
22,0,1,14,199.1,100,33.85,221.8,103,18.85,65.7,91,2.96,4.2,1,1.13,1,374-1684,7.94,Low Risk
63,0,0,0,83.0,64,14.11,177.0,106,15.05,245.7,89,11.06,13.0,3,3.51,0,399-6786,7.64,Low Risk
123,0,1,28,124.7,105,21.2,250.4,78,21.28,216.4,128,9.74,7.8,8,2.11,1,387-3422,7.57,Low Risk
69,0,1,37,155.0,98,26.35,142.4,105,12.1,143.7,117,6.47,5.9,4,1.59,1,420-7692,7.54,Low Risk
168,0,0,0,128.8,96,21.9,104.9,71,8.92,141.1,128,6.35,11.2,2,3.02,1,363-1107,7.54,Low Risk
76,0,0,0,173.2,93,29.44,131.2,80,11.15,170.9,104,7.69,5.4,3,1.46,0,368-8972,7.4,Low Risk
136,0,0,0,109.4,91,18.6,207.5,111,17.64,135.0,107,6.08,11.6,5,3.13,0,352-6732,7.36,Low Risk
100,0,0,0,131.1,108,22.29,176.2,81,14.98,89.7,81,4.04,4.3,4,1.16,1,390-1552,7.31,Low Risk
20,0,1,35,171.5,98,29.16,153.1,127,13.01,165.6,125,7.45,7.1,3,1.92,0,334-4678,7.28,Low Risk
42,0,0,0,155.4,127,26.42,164.1,45,13.95,157.7,128,7.1,9.0,3,2.43,0,348-1528,7.21,Low Risk
127,0,1,14,143.2,99,24.34,169.9,91,14.44,221.6,77,9.97,11.6,1,3.13,1,373-5928,7.07,Low Risk
47,0,1,28,172.9,109,29.39,137.6,94,11.7,203.8,109,9.17,8.3,6,2.24,1,365-4387,7.06,Low Risk
116,0,0,0,63.7,101,10.83,195.8,95,16.64,210.1,87,9.45,10.0,6,2.7,1,365-5629,7.04,Low Risk
133,0,0,0,227.4,90,38.66,73.2,135,6.22,114.3,99,5.14,4.7,7,1.27,0,393-3194,6.91,Low Risk
74,0,0,0,106.4,84,18.09,140.2,104,11.92,90.9,81,4.09,11.4,3,3.08,1,377-7399,6.91,Low Risk
36,0,1,43,29.9,123,5.08,129.1,117,10.97,325.9,105,14.67,8.6,6,2.32,2,359-5091,6.8,Low Risk
64,0,1,43,118.4,100,20.13,144.1,108,12.25,158.1,91,7.11,8.5,6,2.3,1,374-1836,6.77,Low Risk
91,0,0,0,153.0,123,26.01,141.1,127,11.99,171.5,76,7.72,10.3,15,2.78,1,357-5696,6.76,Low Risk
140,0,1,28,157.1,77,26.71,172.4,97,14.65,184.5,94,8.3,11.1,9,3.0,1,347-9769,6.72,Low Risk
154,0,1,35,64.9,76,11.03,184.1,91,15.65,151.6,75,6.82,14.6,1,3.94,1,401-4778,6.62,Low Risk
57,0,1,25,176.8,94,30.06,195.0,75,16.58,213.5,116,9.61,8.3,4,2.24,0,395-2854,6.56,Low Risk
82,0,1,19,146.5,73,24.91,246.4,65,20.94,199.0,114,8.96,4.1,4,1.11,1,400-3147,6.54,Low Risk
111,0,1,13,193.1,104,32.83,111.6,98,9.49,227.4,94,10.23,12.1,4,3.27,1,401-6671,6.52,Low Risk
108,0,1,41,171.6,110,29.17,136.1,78,11.57,183.4,103,8.25,10.8,7,2.92,0,333-1012,6.49,Low Risk
110,0,0,0,18.9,92,3.21,258.4,81,21.96,109.6,74,4.93,14.8,4,4.0,1,357-5784,6.44,Low Risk
73,0,1,26,131.2,98,22.3,106.5,97,9.05,221.7,96,9.98,10.2,6,2.75,2,394-9942,6.4,Low Risk
95,0,1,20,165.7,78,28.17,215.6,94,18.33,243.3,91,10.95,9.8,6,2.65,0,406-4840,6.34,Low Risk
9,0,1,16,88.5,87,15.05,178.8,108,15.2,228.7,96,10.29,11.5,3,3.11,2,398-8588,6.23,Low Risk
120,0,1,27,128.5,115,21.85,163.7,91,13.91,242.9,121,10.93,0.0,0,0.0,1,405-5083,6.18,Low Risk
88,0,0,0,55.6,65,9.45,242.7,121,20.63,176.3,134,7.93,11.3,4,3.05,0,384-8629,6.12,Low Risk
39,0,0,0,93.3,83,15.86,199.6,114,16.97,206.2,104,9.28,6.5,4,1.76,0,417-9455,6.1,Low Risk
94,0,0,0,139.4,95,23.7,159.1,92,13.52,128.2,129,5.77,7.7,3,2.08,0,348-9945,6.05,Low Risk
176,0,0,0,47.4,125,8.06,167.8,90,14.26,163.1,107,7.34,10.5,8,2.84,2,367-7039,5.78,Low Risk
99,0,1,19,87.7,103,14.91,223.0,86,18.96,182.3,112,8.2,7.3,4,1.97,2,389-2747,5.76,Low Risk
93,0,1,21,117.9,131,20.04,164.5,115,13.98,217.0,86,9.76,9.8,3,2.65,1,383-4361,5.74,Low Risk
123,0,0,0,154.3,107,26.23,183.0,111,15.56,54.0,134,2.43,10.9,8,2.94,0,386-7976,5.69,Low Risk
63,0,0,0,58.9,125,10.01,169.6,59,14.42,211.4,88,9.51,9.4,3,2.54,1,407-7035,5.68,Low Risk
22,0,0,0,110.3,107,18.75,166.5,93,14.15,202.3,96,9.1,9.5,5,2.57,0,331-5138,5.64,Low Risk
99,0,0,0,54.8,92,9.32,173.0,103,14.71,195.1,125,8.78,7.5,3,2.03,1,418-6512,5.56,Low Risk
53,0,1,18,146.8,107,24.96,310.0,84,26.35,178.7,130,8.04,7.2,7,1.94,0,422-4956,5.53,Low Risk
125,0,1,36,201.3,117,34.22,42.2,78,3.59,125.7,104,5.66,5.4,3,1.46,1,406-5059,5.43,Low Risk
152,0,1,20,214.6,108,36.48,96.6,82,8.21,170.7,145,7.68,7.9,5,2.13,1,333-9664,5.42,Low Risk
125,0,1,32,96.5,109,16.41,145.8,109,12.39,174.4,82,7.85,9.4,2,2.54,1,379-1336,5.42,Low Risk
134,0,1,32,80.3,94,13.65,199.9,124,16.99,170.8,117,7.69,16.6,3,4.48,0,377-3876,5.23,Low Risk
100,0,0,0,78.7,98,13.38,225.6,102,19.18,150.4,106,6.77,14.0,8,3.78,0,391-6260,5.17,Low Risk
97,0,1,24,176.1,109,29.94,159.4,81,13.55,269.1,94,12.11,12.1,9,3.27,0,380-2600,5.1,Low Risk
149,0,0,0,69.1,117,11.75,136.3,100,11.59,181.7,53,8.18,6.3,3,1.7,1,379-2514,5.07,Low Risk
100,0,0,0,115.9,87,19.7,111.3,56,9.46,170.2,77,7.66,7.1,4,1.92,1,348-8022,5.04,Low Risk
41,0,1,22,213.8,102,36.35,141.8,86,12.05,142.2,123,6.4,7.2,3,1.94,0,370-7550,4.95,Low Risk
74,0,0,0,102.7,89,17.46,149.3,100,12.69,188.1,114,8.46,11.0,5,2.97,0,329-5377,4.7,Low Risk
86,0,1,21,197.9,99,33.64,165.6,100,14.08,208.0,120,9.36,10.1,9,2.73,0,398-3004,4.62,Low Risk
103,0,1,31,107.7,124,18.31,188.9,104,16.06,196.2,98,8.83,8.9,3,2.4,0,386-2317,4.54,Low Risk
190,0,1,26,116.7,71,19.84,145.9,88,12.4,175.1,103,7.88,9.9,3,2.67,1,361-1315,4.47,Low Risk
90,0,0,0,61.3,91,10.42,194.4,94,16.52,143.1,80,6.44,11.4,9,3.08,1,400-5831,4.36,Low Risk
98,0,1,21,64.6,98,10.98,176.1,86,14.97,244.8,84,11.02,0.0,0,0.0,2,376-4300,4.19,Low Risk
121,0,0,0,103.3,110,17.56,129.1,82,10.97,167.1,113,7.52,10.7,3,2.89,0,332-5596,4.15,Low Risk
84,0,1,33,159.1,106,27.05,149.8,101,12.73,213.4,108,9.6,13.0,18,3.51,1,400-7253,4.13,Low Risk
113,0,0,0,90.6,130,15.4,170.6,100,14.5,137.4,74,6.18,5.4,9,1.46,1,415-2865,4.07,Low Risk
86,0,1,16,145.7,88,24.77,191.0,129,16.24,215.5,82,9.7,11.3,7,3.05,0,329-8115,3.74,Low Risk
90,0,1,22,124.5,94,21.17,231.7,90,19.69,222.2,108,10.0,6.4,12,1.73,1,329-8638,3.71,Low Risk
93,0,1,32,116.9,120,19.87,232.4,97,19.75,127.7,112,5.75,11.0,9,2.97,0,418-4658,3.63,Low Risk
148,0,1,14,93.6,137,15.91,193.8,72,16.47,144.9,84,6.52,17.5,5,4.73,1,421-1469,3.16,Low Risk
144,0,1,38,105.0,86,17.85,121.8,123,10.35,221.5,122,9.97,3.7,4,1.0,0,393-6053,2.88,Low Risk
89,0,1,24,97.8,98,16.63,207.2,67,17.61,214.5,126,9.65,5.9,2,1.59,0,414-1537,2.69,Low Risk
63,0,1,32,30.9,113,5.25,187.0,113,15.9,230.8,101,10.39,8.6,7,2.32,1,408-4530,2.53,Low Risk
80,0,0,0,105.8,110,17.99,43.9,88,3.73,189.6,87,8.53,13.1,5,3.54,0,332-2137,2.39,Low Risk
144,0,1,18,106.4,109,18.09,108.1,113,9.19,208.4,111,9.38,10.1,5,2.73,1,392-3813,2.27,Low Risk
48,0,0,0,128.2,71,21.79,48.1,78,4.09,116.3,80,5.23,8.9,3,2.4,0,380-5246,2.16,Low Risk
107,0,1,37,60.0,102,10.2,102.2,80,8.69,261.8,106,11.78,11.1,3,3.0,0,385-8240,2.05,Low Risk
36,0,1,16,149.4,111,25.4,131.8,113,11.2,132.7,87,5.97,6.7,2,1.81,0,401-5485,1.98,Low Risk
56,0,1,29,37.7,115,6.41,144.1,111,12.25,226.6,101,10.2,4.9,3,1.32,1,335-5806,1.95,Low Risk
53,0,1,27,25.9,119,4.4,206.5,96,17.55,228.1,64,10.26,6.5,7,1.76,1,337-4339,1.92,Low Risk
149,0,1,18,148.5,106,25.25,114.5,106,9.73,178.3,98,8.02,6.5,4,1.76,0,392-1376,1.85,Low Risk
193,0,1,31,71.2,58,12.1,124.7,105,10.6,155.5,108,7.0,11.7,3,3.16,0,403-1742,1.69,Low Risk
70,0,0,0,7.9,100,1.34,136.4,83,11.59,156.6,89,7.05,12.1,1,3.27,0,405-9233,1.66,Low Risk
84,0,1,12,89.7,87,15.25,138.6,73,11.78,165.8,114,7.46,10.7,2,2.89,1,378-9090,1.59,Low Risk
95,0,1,22,40.9,126,6.95,133.4,90,11.34,264.2,91,11.89,11.9,7,3.21,0,379-6652,0.87,Low Risk
138,0,1,21,19.5,149,3.32,140.9,109,11.98,179.7,111,8.09,7.9,1,2.13,0,370-9533,0.74,Low Risk
